Paso_Tiempo,Vehiculos_Activos,Cola_Actual,Velocidad_Min,Velocidad_Max,Velocidad_Promedio,TiempoEspera_Promedio,TiempoPerdido_Promedio,Arrival_Rate
113.0,1,1,0.0,0.0,0.0,0.0,0.0,1
114.0,1,0,2.3310280318837613,2.3310280318837613,2.3310280318837613,0.0,0.8323001415910963,1
115.0,1,0,4.445959095843136,4.445959095843136,4.445959095843136,0.0,1.512446969228281,1
116.0,1,0,7.145483226981014,7.145483226981014,7.145483226981014,0.0,1.9983834277188555,1
117.0,1,0,10.05083151825238,10.05083151825238,10.05083151825238,0.0,2.275302023528037,1
118.0,1,0,11.995398746570572,11.995398746570572,11.995398746570572,0.0,2.4123236964366286,1
119.0,1,0,13.60903385989368,13.60903385989368,13.60903385989368,0.0,2.433256512271616,0
120.0,1,0,12.883088681823574,12.883088681823574,12.883088681823574,0.0,2.506415599910208,0
121.0,1,0,12.77579733831808,12.77579733831808,12.77579733831808,0.0,2.5872934892398423,0
122.0,1,0,13.753376528364607,13.753376528364607,13.753376528364607,0.0,2.5978419404366333,0
123.0,1,0,12.74479625755921,12.74479625755921,12.74479625755921,0.0,2.6809501233460424,0
124.0,1,0,13.86352090057917,13.86352090057917,13.86352090057917,0.0,2.683574518987829,0
125.0,1,0,12.462013015034609,12.462013015034609,12.462013015034609,0.0,2.787026820064476,0
126.0,1,0,12.467607834120281,12.467607834120281,12.467607834120281,0.0,2.8900766161709304,0
127.0,1,0,12.744162313267589,12.744162313267589,12.744162313267589,0.0,2.973230406583334,0
128.0,1,0,13.234926890558564,13.234926890558564,13.234926890558564,0.0,3.021077392874085,0
129.0,1,0,13.129477037210018,13.129477037210018,13.129477037210018,0.0,3.076510699549623,0
130.0,1,0,12.830315558682196,12.830315558682196,12.830315558682196,0.0,3.1534664147523426,0
131.0,1,0,13.533700093138032,13.533700093138032,13.533700093138032,0.0,3.179818926037376,0
132.0,1,0,13.035081603075378,13.035081603075378,13.035081603075378,0.0,3.242043271139867,0
133.0,1,0,12.788346162508242,12.788346162508242,12.788346162508242,0.0,3.3220183673622956,0
134.0,1,0,12.531430497509428,12.531430497509428,12.531430497509428,0.0,3.4204766049515456,0
135.0,1,0,13.773849582159892,13.773849582159892,13.773849582159892,0.0,3.4295521745803303,0
136.0,1,0,12.721210910915397,12.721210910915397,12.721210910915397,0.0,3.5143571450180717,0
137.0,1,0,12.52136771157384,12.52136771157384,12.52136771157384,0.0,3.6135393240415365,0
138.0,1,0,13.16807239081245,13.16807239081245,13.16807239081245,0.0,3.666195986573015,0
139.0,1,0,13.241874288627878,13.241874288627878,13.241874288627878,0.0,3.7135431600530238,0
140.0,1,0,13.192987355263904,13.192987355263904,13.192987355263904,0.0,3.764407379098786,0
141.0,1,0,12.623227588110604,12.623227588110604,12.623227588110604,0.0,3.8562615094505412,0
142.0,1,0,13.218785293144174,13.218785293144174,13.218785293144174,0.0,3.905269761742327,0
143.0,1,0,12.610903522209265,12.610903522209265,12.610903522209265,0.0,3.998010515540222,0
144.0,1,0,12.516012544720434,12.516012544720434,12.516012544720434,0.0,4.09757795836609,0
145.0,1,0,13.041932595637627,13.041932595637627,13.041932595637627,0.0,4.159309426305829,0
146.0,1,0,13.505098511674442,13.505098511674442,13.505098511674442,0.0,4.187719605322057,0
147.0,1,0,13.52806507095229,13.52806507095229,13.52806507095229,0.0,4.21447751388664,0
148.0,1,0,13.412585393502377,13.412585393502377,13.412585393502377,0.0,4.249543312915247,0
149.0,1,0,13.706537120020949,13.706537120020949,13.706537120020949,0.0,4.263461505719495,0
150.0,1,0,12.812633115309291,12.812633115309291,12.812633115309291,0.0,4.341689339150482,0
151.0,1,0,13.632947031152435,13.632947031152435,13.632947031152435,0.0,4.360901782952465,0
152.0,1,0,12.490456564794295,12.490456564794295,12.490456564794295,0.0,4.462307785485249,0
153.0,1,0,13.257363274903037,13.257363274903037,13.257363274903037,0.0,4.508540643405894,0
154.0,1,0,13.725981707661413,13.725981707661413,13.725981707661413,0.0,4.521059945012986,0
155.0,2,1,0.0,12.425708864443004,6.212854432221502,0.0,2.313562027742356,1
156.0,2,0,2.445927859400399,12.616423133271747,7.531175496336073,0.0,2.7658978143925634,1
157.0,2,0,5.2518503837054595,13.874065589369275,9.562957986537366,0.0,3.06534771667242,1
158.0,2,0,7.358930905465968,13.003693647892215,10.18131227667909,0.0,3.315269522996936,1
159.0,2,0,9.793763846042566,13.87150805417914,11.832635950110852,0.0,3.4405645882660423,1
160.0,2,0,12.64498318056576,12.991502364259214,12.818242772412486,0.0,3.488129811896892,1
161.0,2,0,12.926411607929774,13.460739150620066,13.19357537927492,0.0,3.5080192405508663,0
162.0,1,0,12.024914636205219,12.024914636205219,12.024914636205219,0.0,2.2085594484736966,0
163.0,1,0,12.883851491891116,12.883851491891116,12.883851491891116,0.0,2.2200023746508566,0
164.0,1,0,12.174580585023657,12.174580585023657,12.174580585023657,0.0,2.285866509632066,0
165.0,1,0,12.84747237670076,12.84747237670076,12.84747237670076,0.0,2.3001007464420344,0
166.0,1,0,12.578048884098687,12.578048884098687,12.578048884098687,0.0,2.335007411805954,0
167.0,1,0,12.725816424049706,12.725816424049706,12.725816424049706,0.0,2.358576112975555,0
168.0,1,0,12.071235851895333,12.071235851895333,12.071235851895333,0.0,2.4323697220771883,0
169.0,1,0,12.726256425421022,12.726256425421022,12.726256425421022,0.0,2.455904662653664,0
170.0,1,0,12.41908784017273,12.41908784017273,12.41908784017273,0.0,2.5030081516563976,0
171.0,1,0,11.534472680462793,11.534472680462793,11.534472680462793,0.0,2.6179867302076696,0
172.0,1,0,13.011936713869952,13.011936713869952,13.011936713869952,0.0,2.619601884594768,0
173.0,1,0,12.862867016623065,12.862867016623065,12.862867016623065,0.0,2.6326549155980934,0
174.0,1,0,11.54832729794857,11.54832729794857,11.54832729794857,0.0,2.746570451771914,0
175.0,1,0,11.732833936622635,11.732833936622635,11.732833936622635,0.0,2.846329092164739,0
176.0,1,0,11.969221959284775,11.969221959284775,11.969221959284775,0.0,2.9279500621476924,0
177.0,1,0,12.915610777957633,12.915610777957633,12.915610777957633,0.0,2.9369561497040113,0
178.0,1,0,13.028459560753115,13.028459560753115,13.028459560753115,0.0,2.9373035327902435,0
179.0,1,0,12.041581821556472,12.041581821556472,12.041581821556472,0.0,3.013372447647868,0
180.0,3,2,0.0,9.828610399150792,3.2762034663835973,0.0,1.0864130260955542,2
181.0,3,0,2.4299165143165737,12.045609245420936,5.789575653653448,0.0,1.6506802887991714,2
182.0,3,0,4.4226174268405885,11.696473926583574,7.16495640472611,0.0,2.116556275742805,2
183.0,3,0,6.964408257859759,11.96424695399896,8.780579556143932,0.0,2.465773199804596,2
184.0,3,0,9.483670269255526,11.580696015081637,10.259622761878274,0.0,2.7091960212018873,2
185.0,3,0,11.385419150115922,12.408738398736611,11.763900912032552,0.0,2.8430764071173455,2
186.0,3,0,11.874529438720353,12.973211541748606,12.542379718583788,0.0,2.9218033533832917,0
187.0,3,0,12.1795782850108,13.401189086586237,12.928833790549788,0.0,2.9722412003880567,0
188.0,3,0,12.954359552518733,13.523798722052016,13.184161439731497,0.0,3.003074134027751,0
189.0,3,0,12.06199074995079,13.765233104792424,13.10177782488313,0.0,3.041257552962593,0
190.0,3,0,12.07750981887643,13.815913808043115,13.119458121906746,0.0,3.078144250328163,0
191.0,3,0,12.194450450873271,13.798929083021358,13.155537091738324,0.0,3.112248781576866,0
192.0,3,0,12.834872479178012,13.296413060720079,12.998105368537608,0.0,3.1566127422947123,0
193.0,3,0,12.2906589612116,13.210386682045646,12.829605403549749,0.0,3.2140121138576596,0
194.0,3,0,12.434173066029325,12.45456844647415,12.443501666730981,0.0,3.2989476738314387,0
195.0,3,0,12.310137402311236,13.149711140058935,12.840500125738572,0.0,3.355532178243173,0
196.0,4,1,0.0,13.213554486492649,9.369984280113897,0.0,2.578597338374505,1
197.0,4,0,2.4221489086048678,12.988756507262588,9.939411104278008,0.0,2.8496811815946317,1
198.0,4,0,4.1352562276879326,13.868710576882586,11.07556521863404,0.0,3.037678787895501,1
199.0,4,0,6.775878145010211,13.16268814119976,11.396138034032958,0.0,3.202763622197676,1
200.0,4,0,8.853736015269533,12.580176415480674,11.596099895890404,0.0,3.3535985064846923,1
201.0,4,0,10.515429850202054,12.677344650938176,11.850011479021816,0.0,3.487085188895584,1
202.0,4,0,12.537194632038743,13.108209540345706,12.836030976904624,0.0,3.5486291715197997,0
203.0,4,0,12.091144851104625,13.222408080217429,12.932367905182366,0.0,3.6037761312567533,0
204.0,5,1,0.0,13.05503944538068,9.848288579168461,0.0,2.9627892500101694,1
205.0,5,0,1.9504997609648853,13.390385874756612,8.99903668208021,0.0,3.2967340796312508,1
206.0,5,0,2.97678060464124,13.596682467940264,7.578758870972983,0.0,3.637148615639996,1
207.0,4,0,0.10034258001423102,13.047308313869872,6.0830467633161325,0.0,3.8434215181835807,1
208.0,4,1,0.04113681676435992,12.455124151986093,6.779337095430403,0.25,4.322088194028657,1
209.0,5,2,0.0,12.864697385090404,6.358258272698203,0.4,3.766369599296879,2
210.0,5,1,0.005961354800522829,12.519899591547437,7.557457342388875,0.6,4.174572066205651,1
211.0,5,1,0.0029978414618395295,13.668099575303495,8.560229575789403,0.8,4.505081421709994,1
212.0,5,1,0.0003303090013610582,13.64757484078873,8.939252744580546,1.0,4.801575251677765,1
213.0,5,1,0.0,13.766008272278123,9.357033829982393,1.2,5.061651574930712,1
214.0,5,1,0.0,13.113938328786753,9.41167963854208,1.4,5.313929818127202,1
215.0,5,1,0.0,13.795342746400275,9.62753525395117,1.6,5.55108900989236,0
216.0,5,1,0.0,13.822287019551732,9.623834808153877,1.8,5.787639497636574,0
217.0,5,1,0.0,13.864558661566116,9.706965592384183,2.0,6.01984004788853,0
218.0,5,1,0.0,13.506105168466457,9.708649062390283,2.2,6.248068202773178,0
219.0,5,1,0.0,13.562665256066248,9.652178170952789,2.4,6.483098416079043,0
220.0,5,1,0.0,12.872160631674342,9.451781719901442,2.6,6.731697359083233,0
221.0,5,1,0.0,13.378172161150724,9.610533121993608,2.8,6.97014964259679,0
222.0,5,1,0.0,13.350178873958066,9.562149715131923,3.0,7.2110053169534485,0
223.0,5,1,0.0,13.831780868093484,9.461753838804395,3.2,7.461542047574406,0
224.0,5,1,0.0,13.183797045471147,9.59971848836805,3.4,7.6996930884437775,0
225.0,5,1,0.0,13.770723179075867,9.468148187307486,3.6,7.949383622309126,0
226.0,5,0,1.7431761792395264,13.580102967424319,9.897686046764099,0.0,8.167533558004267,0
227.0,5,0,3.998282818472944,13.670583632984199,10.414620442489937,0.0,8.348797850432295,0
228.0,5,0,6.950862474390306,13.419673487055116,11.13827651361174,0.0,8.47491997977988,0
229.0,5,0,8.94388921209611,13.811499056848698,11.650027290789254,0.0,8.565631612414036,0
230.0,5,0,10.779074538499117,13.710609649284743,11.960990219490446,0.0,8.633627280273515,0
231.0,4,0,10.195588278848827,12.63688107309863,11.530298416731917,0.0,9.267538288107115,0
232.0,4,0,10.63871620936241,13.893034948245623,12.299775667415037,0.0,9.293409387342379,0
233.0,4,0,10.106479279263095,13.856453239661642,12.001017939278196,0.0,9.34502889556172,0
234.0,4,0,10.543720173602923,13.289413008233533,11.845103105049152,0.0,9.405896325476633,0
235.0,4,0,10.495029775457606,13.557364000217058,11.99980255883051,0.0,9.456154728591915,0
236.0,4,0,10.97930859751068,13.378882281226106,12.00454214846463,0.0,9.501419451855767,0
237.0,4,0,11.060111017114632,13.714846711116843,12.384853858363154,0.0,9.519473634989026,0
238.0,4,0,9.68055513508234,13.404916230449453,11.693214395805466,0.0,9.593097134575917,0
239.0,4,0,5.18055513508234,12.97616420823615,10.399511349568115,0.0,9.649716203364541,0
240.0,4,0,5.11816065404646,13.83323223758489,10.903567505418529,0.0,9.671829714791347,0
241.0,4,0,4.081375514460615,12.9443519303808,10.177773747337255,0.0,9.875304424019983,0
242.0,4,0,7.01234898874618,13.295319300936535,10.966421759268474,0.0,10.012159513554025,0
243.0,4,0,9.938913007803148,13.57406834952999,11.868336368835504,0.0,10.072746805673377,0
244.0,4,0,10.356564022166804,13.217845479235985,11.819599346213312,0.0,10.134637220657998,0
245.0,4,1,0.0,13.695408297446557,8.78311994970058,0.0,8.98737546018626,1
246.0,4,0,2.8090343544026837,12.460037912451662,9.233558328317981,0.0,9.233996362744175,1
247.0,4,0,4.951614317600615,12.896307918569073,9.7974410391434,0.0,9.441372659310964,1
248.0,4,0,6.616806654841639,13.111608503363096,10.308287064971905,0.0,9.611438108388144,1
249.0,4,0,8.459903933457099,12.741439716750756,10.925010534558481,0.0,9.733348397966292,1
250.0,4,0,10.173562122043222,13.023299732455053,11.015534258199427,0.0,9.85511367539824,1
251.0,4,0,10.499428092533872,13.20962364457082,11.854963868218277,0.0,9.914978334709723,0
252.0,3,0,10.582348369667306,13.332824906194583,11.633779974238065,0.0,4.035726056953312,0
253.0,3,0,10.142800412289017,12.863812248781324,11.171932629917798,0.0,4.1187407716006925,0
254.0,3,0,10.759767735376954,13.547368369740434,11.938909444378739,0.0,4.138367278746231,0
255.0,3,0,10.393654819609747,12.74446542558726,11.287182782965763,0.0,4.2105659944673235,0
256.0,3,0,10.455521225378998,13.624859616020695,11.621335679388656,0.0,4.258057776659622,0
257.0,3,0,10.774347187718377,12.680076872324571,11.663063845832882,0.0,4.297317794811465,0
258.0,3,0,10.377583095486425,12.44177500482183,11.171131892575,0.0,4.378122000194737,0
259.0,3,0,10.420158247960881,12.772000607894734,11.406282210003633,0.0,4.439788122039107,0
260.0,3,0,10.739158331556245,12.463304094248452,11.515420395231855,0.0,4.490818151393145,0
261.0,3,0,10.744272900139913,13.135913457348943,11.599633597725122,0.0,4.537840690682771,0
262.0,3,0,10.34356065330483,13.844195149466396,11.630893352933278,0.0,4.585669309258367,0
263.0,3,1,0.0,13.235885975509882,8.013622585919736,0.0,3.2947868896383845,1
264.0,3,0,1.8394972085021437,13.08640994525049,8.54327815244414,0.0,3.616609987194287,1
265.0,3,0,3.2508326255716384,13.817450416251086,9.134877857995582,0.0,3.889134779676013,1
266.0,4,1,0.0,12.67117379149422,7.08199788378765,0.0,3.095632227045744,2
267.0,4,0,1.7370531759224832,13.214147591358051,8.127709426441967,0.0,3.4365414339682236,2
268.0,4,0,4.045222497079521,13.51997432820499,9.308705125273942,0.0,3.678081519665615,2
269.0,4,0,6.265789503813721,12.660211936206235,10.037841582104521,0.0,3.8549160800878206,1
270.0,3,0,8.160211936206235,10.540917677991091,9.024221794193503,0.0,3.138179618610424,1
271.0,4,1,0.0,10.964950132649392,6.974199612275742,0.0,2.414720053150229,2
272.0,4,0,1.5479136997601017,11.562802822193094,7.502694149490948,0.0,2.684194990737665,1
273.0,4,0,3.5289210519986227,11.00874657165259,7.926084854908789,0.0,3.0342822243120033,1
274.0,4,0,5.361112195649184,11.656801219544336,9.021872924612637,0.0,3.301641901166161,1
275.0,4,0,7.956407866557129,11.969964875820056,10.141424398497714,0.0,3.484499331379017,1
276.0,4,0,10.87737885536626,11.386010256246843,11.028586292040801,0.0,3.60300365570194,1
277.0,4,0,10.706700266897679,13.70086809315253,12.065133054310712,0.0,3.6443422836450985,0
278.0,4,0,10.679662856273353,12.594214093033225,11.484890651814197,0.0,3.729994216904146,0
279.0,5,1,0.0,13.023148323851638,9.593861555816252,0.0,3.0212408798782793,1
280.0,5,0,1.4850825346074998,13.686219672765583,9.976094612661395,0.0,3.2255486137375575,1
281.0,5,0,3.0240243037231265,13.14767843738664,10.133013820318151,0.0,3.4124131175237635,1
282.0,5,0,4.623926690686494,12.714873501309194,10.293741198983621,0.0,3.582685909179898,1
283.0,5,0,6.260965945664793,13.37698453173507,10.741636239579524,0.0,3.715759708823633,1
284.0,5,0,7.80757673624903,13.517285234853626,11.184607780441288,0.0,3.810763915314985,1
285.0,5,0,9.782161337183787,13.369295029644855,11.601208000211622,0.0,3.867598960346289,0
286.0,5,0,10.790078654838725,13.016017007967458,11.718671143665556,0.0,3.912570518952717,0
287.0,6,1,0.0,12.84415943021886,9.613956578642922,0.0,3.3093100096803743,1
288.0,6,0,2.108001779881306,13.549053019820713,9.973048760307814,0.0,3.495715860381184,1
289.0,6,0,5.098388582468033,13.563782330113463,10.540680445471173,0.0,3.63527521201079,1
290.0,6,0,7.005025416961871,13.526004584366456,10.997577589188097,0.0,3.7362298391079665,1
291.0,7,1,0.0,13.22356493792031,9.639071958113343,0.0,3.2710095004071134,2
292.0,7,0,2.603443749365397,13.014513672073372,10.04520019637821,0.0,3.453601660237721,2
293.0,7,0,4.671902890682212,12.582855619582482,9.715469690792139,0.0,3.6711194163599754,1
294.0,7,0,0.6438431729154795,12.73614120492632,9.674089489291063,0.0,3.9011346227547747,1
295.0,8,2,0.0,13.572785277129151,8.808817983705321,0.125,3.5919431544159117,2
296.0,8,1,0.010852056940331332,13.834797158814036,9.280260134942521,0.25,3.8615415247566833,2
297.0,7,1,0.0012082027352929036,13.306935553182848,9.04921445159,0.42857142857142855,3.714191725142484,1
298.0,7,1,0.0005073349507393362,13.136498510348611,9.265951703368216,0.5714285714285714,3.9760684808639337,1
299.0,7,1,0.0,13.877601389400661,9.795038151370239,0.7142857142857143,4.200415539093358,1
300.0,9,3,0.0,12.84247255125083,7.76862742633746,0.6666666666666666,3.4300934009092736,3
301.0,9,1,0.0,13.825352903897874,8.570788458019504,0.7777777777777778,3.758741752560804,2
302.0,9,1,0.0,13.086239350470715,9.119948926447796,0.8888888888888888,4.048040165743318,2
303.0,9,1,0.0,13.261354645341635,9.615875128456192,1.0,4.303578162489793,2
304.0,9,1,0.0,13.480270284204744,10.14238226150505,1.1111111111111112,4.5224894291116335,2
305.0,9,1,0.0,13.006194905238226,10.450283156820479,1.2222222222222223,4.720851733945648,2
306.0,9,1,0.0,14.361062653935939,11.18726398872455,1.3333333333333333,4.864631687253727,0
307.0,9,1,0.0,13.86926993787331,10.954139791380255,1.4444444444444444,5.025861662512085,0
308.0,9,1,0.0,13.726577384024859,10.668416362188088,1.5555555555555556,5.211978525224984,0
309.0,9,1,0.0,13.570125395190395,10.102914837369646,1.6666666666666667,5.447236409245235,0
310.0,9,1,0.0,14.272641541776672,10.117479122434855,1.7777777777777777,5.6883126979858565,0
311.0,10,2,0.0,13.335455916449428,8.74349262543008,1.7,5.36402473648279,1
312.0,10,2,0.0,14.205669072261506,9.228640018348923,1.9,5.674205962353889,1
313.0,11,3,0.0,14.394280465334147,8.59607216385502,1.9090909090909092,5.425473730287109,2
314.0,11,2,0.0,13.505136895901524,8.182288576158887,2.090909090909091,5.816499134762216,2
315.0,11,2,0.0,13.553094106819481,7.906512305165624,2.272727272727273,6.231478213470777,2
316.0,11,0,0.4271131809213463,14.458603462754242,8.095191755773506,0.0,6.6287137539707155,2
317.0,12,1,0.0,14.135870572356932,7.997258550636406,0.0,6.3914565002553205,2
318.0,12,0,2.731557809728291,13.719004451008939,8.568463609890651,0.0,6.738245523583781,2
319.0,13,1,0.0,13.286617842447438,8.242658282315997,0.0,6.508625931995618,2
320.0,13,0,0.2348640755067905,14.473531476539053,9.081618446503063,0.0,6.80650188208981,2
321.0,13,0,2.445208130010157,13.00646200567992,9.665012490221114,0.0,7.019163775504652,2
322.0,12,0,4.376056462714201,13.981994466637685,10.411093938382693,0.0,7.302570701320957,2
323.0,12,0,6.438175556554212,13.690741717795685,10.933316437828637,0.0,7.455095154624085,1
324.0,11,0,8.32786223753517,13.945463247076102,11.311116140257743,0.0,7.744663057145076,1
325.0,11,0,6.683314873092161,13.170774795804597,11.078408840736715,0.0,7.88063693578637,0
326.0,11,0,4.191382939671302,13.766429555593483,10.978268819888045,0.0,8.024934763120894,0
327.0,11,0,0.9030014102519581,14.070233542859048,10.810318822523904,0.0,8.180431422935541,0
328.0,11,1,0.04453387422353541,14.127201331817039,10.575632875459167,0.09090909090909091,8.353537990297452,0
329.0,11,1,0.03581030741316284,13.534582498230815,10.896208885747656,0.18181818181818182,8.502078675778785,0
330.0,11,1,0.003011496107189998,13.269648981783964,10.335497832627714,0.2727272727272727,8.693111824666307,0
331.0,11,1,0.00018129411516906867,13.106908298833721,10.466451873920171,0.36363636363636365,8.874729622312568,0
332.0,11,1,0.0,14.540696962704375,10.73650415108621,0.45454545454545453,9.035469198417877,0
333.0,11,1,0.0,14.243103222423658,10.54986532546547,0.5454545454545454,9.210612330613309,0
334.0,11,1,0.0,13.60118609949989,10.534997689154487,0.6363636363636364,9.386680597694259,0
335.0,11,1,0.0,12.862296619839459,10.518274611124156,0.7272727272727273,9.562880290852616,0
336.0,11,1,0.0,12.85685078764605,10.271591779064316,0.8181818181818182,9.756703962831875,0
337.0,11,1,0.0,12.736442464326181,9.719451855304014,0.9090909090909091,9.945408931850388,0
338.0,12,2,0.0,12.957453592096368,9.038645950545865,0.9166666666666666,9.322931795452563,1
339.0,12,1,0.0,12.473465075990138,9.002125459482997,1.0,9.613525617136762,1
340.0,12,1,0.0,11.551157745077314,9.019650282670776,1.0833333333333333,9.902111927882208,1
341.0,12,1,0.0,12.993012339555502,8.751494541998108,1.1666666666666667,10.209883986225064,1
342.0,13,3,0.0,12.695586523719907,8.40613408847041,1.2307692307692308,9.682571149612405,2
343.0,13,2,0.0,13.30722994332093,8.681803073392613,1.3846153846153846,9.995575119916317,2
344.0,13,2,0.0,13.749072978369735,8.759288617096718,1.5384615384615385,10.301866854448438,1
345.0,13,2,0.0,13.722019597286202,8.431361836020908,1.6923076923076923,10.63299631944605,1
346.0,14,3,0.0,13.410035183284275,7.409693986337431,1.7142857142857142,10.21344542182214,2
347.0,13,3,0.0,13.335087050780498,7.183639369871316,2.076923076923077,10.387007258003477,2
348.0,13,4,0.0,13.225749633022428,6.7137056434858,2.3076923076923075,8.509071660823468,2
349.0,13,4,0.0,13.448286937879242,7.435354877688867,2.6153846153846154,8.952402240460948,2
350.0,10,4,0.0,13.062897491365515,6.322047547740267,3.8,8.89472190937088,2
351.0,9,4,0.0,13.450578945552774,6.373160054600681,4.666666666666667,9.067518260595111,2
352.0,9,4,0.0,14.040770673550622,6.474114976552345,5.111111111111111,9.58752000054789,1
353.0,9,4,0.0,15.517836496777788,6.938480152906004,5.555555555555555,10.07489154768531,1
354.0,9,4,0.0,15.189071326338642,7.153748452999404,6.0,10.547719563245858,0
355.0,9,4,0.0,14.795953122627877,7.24304366036958,6.444444444444445,11.01238471214625,0
356.0,9,4,0.0,14.33712552663307,7.074658539639973,6.888888888888889,11.490135576336408,0
357.0,9,4,0.0,15.240787403619803,7.25845777750655,7.333333333333333,11.954670618077046,0
358.0,9,4,0.0,14.006453513804779,7.043508046583151,7.777777777777778,12.433758542612676,0
359.0,9,4,0.0,15.385687014212788,7.275961210474871,8.222222222222221,12.89743156616596,0
360.0,9,4,0.0,15.105347210177175,7.147140585100467,8.666666666666666,13.369625378066239,0
361.0,10,3,0.0,15.735700027140744,6.8731617963380955,2.8,12.41089846662159,1
362.0,9,1,0.0,15.661191481802568,7.1696100431003975,1.5555555555555556,13.582317885153762,1
363.0,9,0,0.7847884398768407,14.244010539896742,8.048391750826246,0.0,13.98167930767999,1
364.0,9,0,2.535848026059077,15.50175194869186,9.136470727893924,0.0,14.248842206247396,1
365.0,9,0,5.127225268974356,15.712297629852735,10.389434554124962,0.0,14.420697630739276,1
366.0,9,0,4.726772716145418,14.968425707993052,10.772075055481508,0.0,14.617858721532428,1
367.0,9,0,3.8704467283346933,14.387993856098431,10.971858732824769,0.0,14.762123306974972,0
368.0,9,0,5.535650217691004,13.840383916953579,10.614532687117912,0.0,14.90936669460115,0
369.0,9,0,3.756448333278262,13.788780735316687,9.817162160991895,0.0,15.163077621992475,0
370.0,10,1,0.0,13.432568800263107,8.420077851367997,0.0,13.900305343992025,1
371.0,10,1,0.001937497711905981,13.568142686598003,8.906304559382514,0.1,14.215792933318104,1
372.0,10,1,0.0016399252130519459,13.89330515775364,9.0331970452435,0.2,14.521206697012213,1
373.0,10,1,0.0,13.198906515236013,9.209318547135817,0.3,14.813263801987668,1
374.0,10,2,0.0,13.831195508455858,9.406745836026039,0.5,15.091377295125861,1
375.0,11,3,0.0,12.903415241255425,8.616736383606154,0.6363636363636364,13.967518469448557,2
376.0,11,2,0.0,13.845433489745483,9.099229793653373,0.8181818181818182,14.270972076501685,1
377.0,12,3,0.0,13.087122563366778,8.500156932699232,0.9166666666666666,13.345336456207896,2
378.0,12,2,0.0,13.489799771551043,8.842294208095081,1.0833333333333333,13.664445678837795,2
379.0,12,2,0.0,13.8362045355374,9.41746116397808,1.25,13.936722260803185,2
380.0,13,3,0.0,13.850352055835538,9.07589713421754,1.3076923076923077,13.084576056329597,3
381.0,13,2,0.0,13.568732443242334,9.463233107678166,1.4615384615384615,13.347310387588244,2
382.0,13,2,0.0,13.856927280290984,9.732257869057646,1.6153846153846154,13.587551090025139,2
383.0,13,2,0.0,13.889226066158153,9.965931148292213,1.7692307692307692,13.808861406181668,1
384.0,14,3,0.0,13.386523956176825,9.266019695913018,1.7857142857142858,13.026327831456575,2
385.0,14,2,0.0,13.655411306279712,9.583410032812557,1.9285714285714286,13.275901696111806,2
386.0,14,2,0.0,13.873032323177904,9.957809824859321,2.0714285714285716,13.495042285188726,1
387.0,13,2,0.0,13.200752665032633,9.70091360762851,2.3846153846153846,11.517738126986103,1
388.0,13,3,0.0,13.462895755283535,9.068023348143846,2.5384615384615383,9.603075523943032,2
389.0,14,3,0.0,13.86698969672434,8.834915309627172,2.5,9.146975333096753,3
390.0,14,2,0.0,13.811832903861069,9.083168646302372,2.642857142857143,9.431032623203924,2
391.0,14,2,0.0,13.639789708866738,9.364689369621052,2.7857142857142856,9.694121520954681,2
392.0,15,3,0.0,13.793288946826943,8.823298279425718,2.7333333333333334,9.288449192914054,3
393.0,14,2,0.0,13.561103081307374,9.15629677990413,3.0714285714285716,8.457676654819593,3
394.0,13,2,0.0,13.152327961731702,9.34864278898151,3.4615384615384617,7.259184233887966,2
395.0,13,2,0.0,13.281254432723857,9.599055015576996,3.6153846153846154,7.509469840485314,1
396.0,13,2,0.0,13.718751285551116,9.977637323319906,3.769230769230769,7.732434719177034,1
397.0,11,2,0.0,13.357118829595857,9.8250868798827,4.636363636363637,8.502076507751877,1
398.0,11,2,0.0,13.149107407638803,9.990363492207235,4.818181818181818,8.727441956535401,0
399.0,11,2,0.0,13.49897078271024,9.912670930995832,5.0,8.958948379838956,0
400.0,12,3,0.0,13.222788291727193,9.01299508313739,4.75,8.43139090156802,1
401.0,12,2,0.0,13.406780729978346,9.112882852428335,4.916666666666667,8.726521002292381,1
402.0,13,3,0.0,13.50064130614046,8.485672567781126,4.6923076923076925,8.323184258140325,2
403.0,13,2,0.0,13.874630981916562,8.637340771050463,4.846153846153846,8.660113425758606,2
404.0,14,3,0.0,13.402352205920034,7.9662502723746575,4.642857142857143,8.36059755923398,3
405.0,14,2,0.0,13.44143096227292,8.453401910347848,4.785714285714286,8.71608487818536,3
406.0,14,1,0.012741256510235744,13.797423166199588,9.087710776360991,0.07142857142857142,9.01313075932586,2
407.0,14,0,1.8976843247705628,13.204415519000031,9.600463041274935,0.0,9.262107650912016,2
408.0,14,0,1.0162978211406415,13.767428069235757,9.874121535846145,0.0,9.528856130004213,1
409.0,14,0,0.33560183513725633,13.298857304360718,10.346777766770947,0.0,9.761966711443916,1
410.0,13,0,0.2901389900656819,13.389777740091086,10.681728236262128,0.0,10.359020499104705,0
411.0,14,2,0.0,14.575453773722984,10.189696234531565,0.07142857142857142,9.794071016173193,1
412.0,14,1,0.004803392298423542,15.060037517951757,10.189343856043923,0.14285714285714285,10.040824654155953,1
413.0,14,1,0.0005748336441642678,15.909450460745909,10.194834390601875,0.21428571428571427,10.287943771794614,1
414.0,14,1,0.00016224345669031709,14.168592541440345,9.791927966985401,0.2857142857142857,10.562823857785023,1
415.0,14,2,0.0,14.347596837099598,9.76732893780942,0.42857142857142855,10.839394924471604,1
416.0,14,2,0.0,15.539276281217068,9.893785732574893,0.5714285714285714,11.107999328999474,1
417.0,14,3,0.0,14.362268685604402,9.547074978666842,0.7857142857142857,11.402303998016347,0
418.0,14,3,0.0,14.142982352114238,9.250210266858627,1.0,11.720178176759179,0
419.0,15,4,0.0,15.026181096824773,8.697536349737723,1.1333333333333333,11.231933227099436,1
420.0,15,3,0.0,14.288395271155938,8.649891748882135,1.3333333333333333,11.594384216912614,1
421.0,14,4,0.0,14.412736060129435,8.49781961367306,1.7142857142857142,12.420431494533133,1
422.0,14,4,0.0,15.049862670580811,8.636364310361483,2.0,12.786153924549623,1
423.0,14,4,0.0,15.412043128729753,9.071901616266949,2.2857142857142856,13.120092465544799,1
424.0,14,4,0.0,16.03694418830234,9.105245221431682,2.5714285714285716,13.451658813822917,1
425.0,15,5,0.0,14.647502453447276,8.274173375836588,2.6666666666666665,12.878981165650384,1
426.0,15,4,0.0,15.38993832080993,7.991015888868222,2.933333333333333,13.289398045931424,1
427.0,15,4,0.0,14.473898363820233,7.7872132366244715,3.2,13.712301016754623,1
428.0,15,4,0.0,14.793080713421993,8.06974003719557,3.466666666666667,14.11205853483121,1
429.0,14,5,0.0,13.725421172167295,7.581926277508707,4.071428571428571,12.371917871215382,1
430.0,16,7,0.0,13.60284683059075,6.594829866831141,3.875,11.194988276361894,3
431.0,16,5,0.0,13.804276367393323,6.722089070314507,4.1875,11.65172827490445,2
432.0,16,5,0.0,13.70062195577193,7.232403032355165,4.5,12.096740692182777,2
433.0,15,5,0.0,13.48496851765085,7.146105645948586,5.133333333333334,10.465545142402275,2
434.0,15,5,0.0,13.81444292338565,7.6483255998068795,5.466666666666667,10.882057188881127,2
435.0,15,5,0.0,12.83687853265659,7.877927256770615,5.8,11.282086660829453,2
436.0,14,5,0.0,13.5645431938814,7.9700588939363035,6.571428571428571,11.656821717896793,0
437.0,13,5,0.0,13.707550771949933,7.329967063196585,7.461538461538462,12.512617939148804,0
438.0,13,5,0.0,13.437059756877021,7.1998826160923866,7.846153846153846,12.943460730909662,0
439.0,13,5,0.0,13.802567990240641,7.391725998728687,8.23076923076923,13.38994255080671,0
440.0,12,5,0.0,13.851923930551857,6.990757141781237,9.333333333333334,14.54084072763814,0
441.0,12,5,0.0,13.815577503736131,7.357624810114235,9.75,14.992194407680893,0
442.0,12,5,0.0,13.864951361413114,7.2049339171428635,10.166666666666666,15.454965983755445,0
443.0,12,5,0.0,13.704502381244675,6.712984890345974,10.583333333333334,15.953664447515218,0
444.0,12,5,0.0,13.347158078313806,6.4499363585457425,11.0,16.470654693433218,0
445.0,12,5,0.0,13.876726058521308,6.393886437734495,11.416666666666666,16.992141625689133,0
446.0,12,5,0.0,13.061572764161975,6.274512566789784,11.833333333333334,17.52211229672062,0
447.0,12,6,0.0,13.76788684502244,6.445231094799908,12.333333333333334,18.04032934787471,0
448.0,12,6,0.0,13.086461644829251,6.240946575078507,12.833333333333334,18.573024166204046,0
449.0,13,7,0.0,13.838661645399407,5.876013845500818,12.307692307692308,17.627661374967154,1
450.0,13,6,0.0,13.323780189361424,5.84431176626203,12.76923076923077,18.18994252124852,1
451.0,12,4,0.0,13.741715984395706,6.095199459936958,7.833333333333333,19.84030137512298,1
452.0,12,2,0.0,13.72900515163783,6.861679567546758,3.1666666666666665,20.28972000518882,1
453.0,12,1,0.0,13.371717082196847,7.206513062571344,0.5833333333333334,20.745410546199686,1
454.0,13,1,0.0,13.287174985953607,6.92764332592101,0.0,19.528885006969467,2
455.0,14,1,0.0,13.84655399338808,7.079225070324546,0.0,18.49429388288531,2
456.0,14,1,0.0,12.859296037442983,6.693273914066444,0.0,18.345158737621794,3
457.0,14,0,0.3015554071630342,13.155162299261429,7.456567062973933,0.0,18.730743917377396,3
458.0,15,1,0.0,13.602255730167963,7.981131462610111,0.0,17.797591265988085,4
459.0,15,1,0.018287308901784167,13.666537650255487,8.514744036402208,0.06666666666666667,18.11814078411366,4
460.0,16,2,0.0,13.674034041678533,8.633662569414097,0.125,17.227506551068416,4
461.0,17,2,0.0,13.645485666790046,8.737004719988326,0.17647058823529413,16.47920452869458,4
462.0,16,1,0.0,13.697794201993384,9.239336224903266,0.25,17.38051017217171,3
463.0,16,1,0.0,13.343590559065342,10.078894577953326,0.3125,17.59928554318318,3
464.0,17,2,0.0,13.738528802385554,10.02764533854408,0.35294117647058826,16.728909722260283,3
465.0,17,1,0.0,13.812867666920647,10.551523969343679,0.4117647058823529,16.910971561863757,3
466.0,17,1,0.0,13.21630316853989,10.674168187612834,0.47058823529411764,17.079887792489618,2
467.0,18,2,0.0,13.468474786934564,10.297130277112846,0.5,16.270940914160434,2
468.0,19,2,0.0,13.857967170979828,10.132656404000315,0.5263157894736842,15.5709390591101,3
469.0,20,2,0.0,13.848692464153283,9.84361663208676,0.55,14.973926653206258,4
470.0,21,2,0.0,13.543485170905479,9.874182414607032,0.5714285714285714,14.444326411597077,4
471.0,21,1,0.0,13.814610284846276,10.320657076942577,0.6190476190476191,14.640784514053253,4
472.0,21,1,0.0,13.825673173973337,10.840805011088362,0.6666666666666666,14.798170003890236,4
473.0,22,2,0.0,13.31891452705022,10.400597403344394,0.6818181818181818,14.271266255016767,4
474.0,22,1,0.0,13.841222537891008,10.719684367496944,0.7272727272727273,14.437955366831499,3
475.0,22,1,0.0,13.829860236705281,10.695666153647155,0.7727272727272727,14.604658849826432,2
476.0,22,1,0.0,13.783908951072954,10.748303131320906,0.8181818181818182,14.765994241993242,1
477.0,23,2,0.0,13.763245043088682,10.403318230038664,0.8260869565217391,14.26941092206568,2
478.0,23,1,0.0,13.756480573420413,10.741329315711887,0.8695652173913043,14.433192054205906,2
479.0,21,2,0.0,13.626716953213327,10.409349616901315,1.0476190476190477,12.142658432311602,1
480.0,20,2,0.0,13.80534852212295,10.542728870622492,1.2,10.614296937635448,1
481.0,20,2,0.0,13.40048044207506,10.466962728533206,1.3,10.792067637670835,1
482.0,19,2,0.0,13.48717288144038,10.52457747664524,1.4736842105263157,8.841257556391966,1
483.0,19,2,0.0,13.738913041050546,10.376845739654096,1.5789473684210527,9.032269604226462,0
484.0,18,2,0.0,13.025497345256678,9.696645643902716,1.7777777777777777,7.304912525194093,0
485.0,17,2,0.0,13.60337788190227,9.631090762695067,2.0,7.661520961950966,0
486.0,16,2,0.0,13.613458747952246,9.283572330350873,2.25,7.051021455237862,0
487.0,15,3,0.0,13.08065356882289,8.716745877215574,2.6,7.046632046280167,0
488.0,15,3,0.0,13.804104780431896,9.00338420414587,2.8,7.314091169895346,0
489.0,16,4,0.0,13.849960865080357,8.352006109844892,2.8125,7.145160463148931,1
490.0,16,3,0.0,13.807375211128965,8.388299901472234,3.0,7.497453565872948,1
491.0,16,3,0.0,13.186537116160617,7.948944121114769,3.1875,7.889670471603771,1
492.0,18,6,0.0,13.804919619788416,6.849629904753569,3.0555555555555554,7.379720637326885,3
493.0,18,4,0.0,13.671578187705018,6.77389879497072,3.2777777777777777,7.861385455016381,3
494.0,18,5,0.0,13.060644500516355,6.703235717186205,3.5555555555555554,8.344329474707628,3
495.0,18,5,0.0,13.770797830427124,6.888949861366151,3.8333333333333335,8.81153151412072,2
496.0,18,4,0.0,13.547534203276097,7.29012991355334,1.0555555555555556,9.247523560500792,2
497.0,18,3,0.0,13.635955293755979,7.948850887631284,0.6111111111111112,9.632355225244432,2
498.0,19,3,0.0,13.619689547433518,8.088496647552665,0.3684210526315789,9.44683487708495,1
499.0,19,1,0.016236174985078795,13.555817208695226,8.562945308844863,0.15789473684210525,9.764108762342959,1
500.0,19,0,0.5874503841694418,13.803543649733125,8.764631334624658,0.0,10.068041458553573,1
501.0,19,1,0.08867510222216968,13.174636253559083,8.981410257236034,0.05263157894736842,10.354723678905241,1
502.0,19,1,0.027567950527652676,13.358798007341102,9.017811190413976,0.10526315789473684,10.653760263846387,1
503.0,19,2,0.0017819481917045437,13.846502778213472,9.450386999646078,0.21052631578947367,10.915488132160096,1
504.0,19,2,0.00038209398475461516,13.649480187078007,9.42925970913677,0.3157894736842105,11.176654650434255,0
505.0,19,3,0.0,13.779245457819945,8.892479747256592,0.42105263157894735,11.107489316978311,1
506.0,19,3,0.0,13.58045098753646,9.084179720978428,0.5789473684210527,11.389448812409036,1
507.0,19,3,0.0,13.239616076089442,9.065247478283025,0.7368421052631579,11.671145585722133,1
508.0,19,3,0.0,13.597636593598873,9.297835796045598,0.8947368421052632,11.909023118552632,1
509.0,18,3,0.0,13.867033001827076,9.423335181818553,1.1111111111111112,12.419203923923812,1
510.0,19,4,0.0,13.882877100701444,9.06808019921832,1.2105263157894737,11.985898953081145,2
511.0,19,3,0.0,13.569418995152228,9.02749268206975,1.368421052631579,12.263793574365389,1
512.0,19,3,0.0,12.555586809269153,9.198111671067817,1.5263157894736843,12.528938314341143,1
513.0,18,3,0.0,13.219608881138265,9.512531507263141,1.7777777777777777,13.237142893342305,1
514.0,19,4,0.0,13.62681404359173,9.254512029131094,1.8421052631578947,12.757706096502877,2
515.0,20,5,0.0,13.575168918562122,8.38503743524764,1.9,11.980969646963954,4
516.0,19,3,0.0,13.554197004649053,8.306371909479699,2.1578947368421053,12.698013390851003,3
517.0,19,3,0.0,13.05695924172178,8.423417881019343,2.3157894736842106,13.031358057392561,3
518.0,20,4,0.0,13.12848551394418,7.81789694172298,2.35,12.712621996965131,4
519.0,20,3,0.0,13.833707012678497,8.244140250307982,2.5,13.06493481039852,4
520.0,22,6,0.0,13.687292915047147,7.53978135369589,2.4545454545454546,12.196186490667577,5
521.0,22,5,0.0,13.810108858486638,7.672789502377421,2.6818181818181817,12.59705698236072,3
522.0,22,6,0.0,13.62978829976637,7.318372026504608,2.909090909090909,11.674856195280666,4
523.0,21,6,0.0,14.01903496666257,7.674074020268061,3.3333333333333335,10.333221650836222,4
524.0,20,6,0.0,13.110349738481455,7.759153829310224,3.8,10.711343107734256,3
525.0,20,6,0.0,13.59780208184295,7.858786006618128,4.1,11.094907522114987,3
526.0,20,6,0.0,13.826128072082065,7.909817666445802,4.4,11.478830369118867,1
527.0,22,9,0.0,13.458392812148668,6.987313548986506,4.318181818181818,10.801082367535738,3
528.0,21,7,0.0,13.533045357045761,7.220643552683065,4.857142857142857,10.709283689446874,2
529.0,21,7,0.0,13.789894015854225,7.2352895765326775,5.190476190476191,11.15080974531546,2
530.0,21,7,0.0,13.665888176043518,7.417149924590242,5.523809523809524,11.581028173657025,2
531.0,20,7,0.0,13.828700884338469,7.269167661209626,6.15,11.85899052825255,2
532.0,20,7,0.0,14.075281954346268,7.443198230236121,6.5,12.298873921007441,2
533.0,20,7,0.0,13.74401024821546,7.53301090918294,6.85,12.731396026202903,0
534.0,18,8,0.0,14.111695363744206,7.109649280522094,8.055555555555555,12.588029921357045,0
535.0,18,8,0.0,13.703560933231898,6.945146402277349,8.5,13.071754533539158,0
536.0,18,8,0.0,13.601499700522094,6.900224314154561,8.944444444444445,13.55826394770913,0
537.0,19,9,0.0,13.855056252307259,6.580370295103261,8.894736842105264,13.30231438796121,1
538.0,19,8,0.0,13.7016105418792,6.496844643445155,9.31578947368421,13.818174764474843,1
539.0,19,8,0.0,13.366811750782654,6.122726189072862,9.736842105263158,14.360583684007539,1
540.0,19,8,0.0,13.696238746028394,6.03273425487694,10.157894736842104,14.909614121748103,1
541.0,19,7,0.0,13.891701223654673,6.208823161725342,6.578947368421052,15.438144221830306,1
542.0,19,5,0.0,13.134624632867054,6.0959436539267555,3.6315789473684212,15.966182485940697,1
543.0,19,4,0.0,13.357439674180933,6.263199880844546,1.631578947368421,16.491496590979636,0
544.0,19,2,0.0,13.251404754212126,6.327255964883963,0.6842105263157895,17.00999680787772,0
545.0,20,3,0.0,13.336515610432253,5.973931955309777,0.2,16.63239463712952,1
546.0,20,1,0.0,13.26555112968199,6.5294341373495755,0.2,17.11031196940882,1
547.0,20,3,0.0,13.527787838107907,7.166824891344571,0.35,17.56062330600475,1
548.0,20,3,0.0,13.587041062279605,7.581368981530093,0.5,17.95339902090829,1
549.0,20,3,0.0,13.653276549771487,7.962639439215525,0.65,18.321107057480123,1
550.0,20,4,0.0,13.394745635078289,7.967226832603697,0.85,18.715625838205987,1
551.0,20,4,0.0,13.686495140546992,8.62580274743339,1.05,19.045385209097695,0
552.0,22,6,0.0,13.819725545565598,7.697497594357191,1.1363636363636365,17.637469110524286,2
553.0,22,4,0.0,13.77772617817676,8.076831777525383,1.3181818181818181,18.02147328141766,2
554.0,23,5,0.0,13.60668321242556,7.864788786175915,1.434782608695652,17.59329506283487,3
555.0,25,6,0.0,13.868539355904796,7.59020697194867,1.48,16.510358432621175,5
556.0,26,5,0.0,13.804478907727695,7.726456236890558,1.5769230769230769,16.228485578573256,6
557.0,26,5,0.0,13.683791929949075,8.2009417864611,1.7692307692307692,16.600800324608006,6
558.0,29,8,0.0,13.48860210934654,7.743440219329352,1.7586206896551724,15.170183660928464,7
559.0,29,6,0.0,13.743340301536955,7.929151962444235,1.9310344827586208,15.35484074655576,8
560.0,30,6,0.0,13.748461482673884,8.213896542120185,2.033333333333333,15.175618011085522,8
561.0,30,5,0.0,13.84552661688067,8.760822267319629,2.2,15.500770056863646,6
562.0,30,5,0.0,13.754999051149047,9.269850679589725,2.3666666666666667,15.787202486109168,5
563.0,30,5,0.0,13.86340723980595,9.737749784385919,2.533333333333333,16.0389274382928,5
564.0,30,5,0.0,13.706852553738281,9.970806498434422,2.7,16.273967426658103,2
565.0,30,5,0.0,13.842151478375309,9.958359121748725,2.8666666666666667,16.51001397315875,1
566.0,31,6,0.0,13.728807770067885,9.779321699909312,2.935483870967742,16.195187802726593,1
567.0,31,6,0.0,13.890441257017665,9.45239245843442,3.096774193548387,14.966271714770789,2
568.0,32,6,0.0,13.689170313277282,9.15979317590509,3.15625,14.762478538481904,3
569.0,32,5,0.0,13.324820529529825,9.242260646718659,3.3125,15.050949993557097,3
570.0,32,5,0.0,13.847838335298002,9.380148294321359,3.46875,15.329719616516424,3
571.0,31,5,0.0,13.794665686995723,9.404438237872249,3.7419354838709675,14.397563263983546,3
572.0,29,5,0.0,13.778324088989757,9.512334073311767,4.172413793103448,12.888292018417214,2
573.0,28,5,0.0,13.894595853146166,9.517342614020363,4.5,13.084423532399358,1
574.0,28,6,0.0,13.64196815781761,9.464476961192815,4.714285714285714,13.35919481119119,0
575.0,27,7,0.0,13.483347189418726,9.006834363585027,5.111111111111111,12.688797821287052,1
576.0,27,6,0.0,13.89478406389244,9.108554869188087,5.333333333333333,12.991686253778893,1
577.0,25,6,0.0,13.89665677244775,9.1439450364518,6.0,12.75770966391564,1
578.0,25,6,0.0,13.602673558960669,8.876487785386487,6.24,13.079325225692516,1
579.0,26,7,0.0,13.570441548130386,8.749959939325477,6.230769230769231,12.870098315737623,2
580.0,25,6,0.0,13.80416175115388,8.667704463192381,6.72,12.617136031395768,2
581.0,26,7,0.0,13.86634322567843,8.138073555572875,6.6923076923076925,12.480598735420312,2
582.0,26,7,0.0,13.535344816511795,8.17076176014375,6.961538461538462,12.86554440698969,2
583.0,26,7,0.0,13.814485430112109,7.898478467311751,7.230769230769231,13.273186704455116,2
584.0,24,7,0.0,13.383178148744927,7.056329193117167,8.125,12.907745515879512,2
585.0,24,9,0.0,13.841670431522653,6.776029771349639,8.5,13.40590532335419,1
586.0,23,7,0.0,13.730718401470222,6.098046134354332,5.608695652173913,14.32469977977544,1
587.0,23,6,0.0,13.505912684695796,6.303053702382996,2.5217391304347827,14.840902960155567,0
588.0,23,6,0.0,13.573081533052028,6.637783496166541,1.173913043478261,15.3456050658802,0
589.0,23,5,0.00010297345696175754,13.462218299135566,7.011034791242328,0.5652173913043478,15.820058467350728,0
590.0,23,4,0.0,12.935938063118176,7.3104569914863164,0.5217391304347826,16.269639622533504,0
591.0,23,3,0.0,13.607915737410076,7.764865702234848,0.5217391304347826,16.683129277840827,0
592.0,23,3,0.0,13.363789991219528,8.16362098341126,0.6521739130434783,17.063961282460557,0
593.0,24,4,0.0,13.882959465123713,8.255662293682791,0.75,16.684575470413666,1
594.0,24,4,0.0,13.55191644889301,8.611620822784824,0.9166666666666666,17.029129699162926,1
595.0,24,4,0.0,13.873481937195175,9.009341291725073,1.0833333333333333,17.34206222862284,1
596.0,24,4,0.0,13.338240253017284,9.158069883661584,1.25,17.642416654059087,1
597.0,26,6,0.0,13.716477578366176,8.792652634666057,1.3076923076923077,16.536171660568506,3
598.0,26,4,0.0,13.720751208695583,9.150076836295508,1.4615384615384615,16.83744507841523,3
599.0,26,4,0.0,13.892806114256382,9.472084737028249,1.6153846153846154,17.113845104157747,2
600.0,26,4,0.0,13.628200938785449,9.711637037677393,1.7692307692307692,17.371813963152594,2
601.0,25,4,0.0,13.676283368002624,9.936936145908417,2.0,18.11741811483283,2
602.0,25,4,0.0,13.51446699348744,10.04084553180992,2.16,18.349774765811823,2
603.0,25,5,0.0,13.316265049674533,9.162452616785671,2.32,18.35566891541232,1
604.0,27,6,0.0,13.4525719425641,8.529199718810068,2.2962962962962963,17.267380715044908,3
605.0,27,4,0.0,13.475836350675673,8.800920735195403,2.4444444444444446,17.592563596760844,3
606.0,28,5,0.0,13.76884761613328,8.640053920953125,2.5,17.267897769002925,4
607.0,31,8,0.0,13.744441363355145,8.008130790649146,2.4193548387096775,15.88880277470244,7
608.0,30,5,0.0,13.74051203855779,8.540252957561796,2.6666666666666665,16.578647670198695,7
609.0,29,5,0.0,13.870363243715838,9.053297950605378,2.9310344827586206,17.299000586032637,6
610.0,31,7,0.0,13.778002363955602,8.805925386884486,2.903225806451613,16.45283163478841,6
611.0,32,6,0.0,13.832927953924813,9.003128343528093,2.96875,16.228157606011408,7
612.0,32,7,0.0,13.40220171478577,8.61849946625794,3.125,13.333756326039845,8
613.0,33,6,0.0,13.818817342608236,8.877092974485976,3.1818181818181817,13.229718656565508,6
614.0,35,7,0.0,13.88801074817311,8.759285033374741,3.142857142857143,12.754839238490018,8
615.0,36,6,0.0,13.810491518590428,8.875932077350628,3.1944444444444446,12.70228029201515,9
616.0,36,5,0.0,13.628968268400058,9.472775649746383,3.3333333333333335,12.986777778085276,7
617.0,36,7,0.0,13.897868831269443,9.33957451526571,3.4722222222222223,10.683270225900099,8
618.0,36,5,0.0,13.88024782864377,9.708704362950483,3.611111111111111,10.950653320936379,6
619.0,34,5,0.0,13.648136987094768,9.850931209069522,3.9705882352941178,9.534808142658122,5
620.0,36,7,0.0,13.690854799561203,9.46430508973613,3.888888888888889,9.237918615087302,5
621.0,35,5,0.0,13.588369998040438,9.400193814939826,4.142857142857143,9.27023327402615,4
622.0,35,6,0.0,13.795134136197158,9.283992613706923,4.285714285714286,9.046197597538402,5
623.0,36,8,0.0,13.828874468663708,8.621945396310393,4.333333333333333,8.587948469137173,5
624.0,36,8,0.0,13.894852803531103,8.708974781380027,4.527777777777778,8.551601680001923,6
625.0,35,7,0.0,13.789290659222752,9.057877668799557,4.857142857142857,8.823818753724867,6
626.0,34,8,0.0,13.692884966707789,8.760787030968697,5.205882352941177,8.836084693534536,5
627.0,34,7,0.0,13.856960484851152,8.942191479894268,5.411764705882353,9.165651066773583,5
628.0,35,8,0.0,13.835069505707361,8.6940826376752,5.457142857142857,9.222200767474673,5
629.0,36,9,0.0,13.697449900303036,8.416864157614876,5.527777777777778,9.30550692330095,4
630.0,36,8,0.0,13.734421509178356,8.371739597183893,5.75,9.675323349750373,3
631.0,36,6,0.0,13.534791551041417,8.300153275701978,3.5,10.044988688868138,3
632.0,37,7,0.0,13.738428317685612,7.833571116219307,1.3513513513513513,9.965608640921097,4
633.0,37,5,0.0,13.797296556155198,7.981775586013624,0.5135135135135135,10.362721905827964,4
634.0,37,4,0.0,13.60417837111745,8.083674281751081,0.2972972972972973,10.74075439949685,3
635.0,37,2,0.001232645461419233,13.761756531288848,8.106909148827004,0.13513513513513514,11.117507754402721,2
636.0,37,2,0.0008401781230720042,13.517829346796498,7.950398346259874,0.10810810810810811,11.517302280922099,2
637.0,37,3,0.009175524582312088,13.512596359103918,8.001762311777078,0.1891891891891892,11.901215087903628,2
638.0,37,3,0.0006504949606335579,13.722274799458683,8.240725419847484,0.16216216216216217,12.268540552615722,0
639.0,40,6,0.0,13.537964285095223,7.978956200159277,0.2,11.67294245123503,3
640.0,40,4,0.0,13.829221677826718,8.171857017785934,0.3,12.060513268057957,3
641.0,40,4,0.0,13.899193583382294,8.318796018217958,0.4,12.43957464634543,3
642.0,41,5,0.0,13.880242886114866,8.355962336314,0.4878048780487805,12.479346418813035,4
643.0,42,5,0.0,13.478453904953712,8.321343204463151,0.5714285714285714,12.528427805805237,5
644.0,42,5,0.0,13.88403852339834,8.745673040092091,0.6904761904761905,12.877323373961175,5
645.0,42,5,0.0,13.834177673654631,9.107453635485868,0.8095238095238095,13.19090016536322,2
646.0,43,7,0.0,13.829254761547782,9.042281564850246,0.9302325581395349,13.177113679028084,3
647.0,43,6,0.0,13.853972807503306,9.411873599267842,1.069767441860465,13.467449546182928,3
648.0,44,7,0.0,13.728161011915654,9.301922362955274,1.1818181818181819,13.440857672028006,3
649.0,44,6,0.0,13.717312687286176,9.254006039377346,1.3181818181818181,13.755062132716766,2
650.0,46,9,0.0,13.894959277100861,8.810660007102353,1.4130434782608696,13.451003049776686,4
651.0,47,9,0.0,13.876502637146041,8.595062314821176,1.553191489361702,13.506237456088297,5
652.0,45,8,0.0,13.650195041880943,8.427775445530779,1.8,14.292891989912537,4
653.0,45,8,0.0,13.867251584399492,8.536936900232101,1.9777777777777779,14.664654489506091,4
654.0,45,10,0.0,13.809384172060527,8.655587515064495,2.2,15.027896533927638,3
655.0,45,10,0.0,13.86693065285217,8.820721019029166,2.422222222222222,15.369751802632333,3
656.0,45,11,0.0,13.726190685651094,8.830037233586165,2.6666666666666665,15.719645779055236,1
657.0,44,12,0.0,14.854162945508682,9.018124940361828,3.0,15.172898845734506,0
658.0,44,13,0.0,13.824414700393394,8.956665710837559,3.2954545454545454,15.513471160154465,0
659.0,41,13,0.0,15.134075599446618,8.772755217137554,3.8536585365853657,13.230877990385688,0
660.0,41,13,0.0,14.01939389827075,8.716739199195448,4.170731707317073,13.58968582226218,0
661.0,40,13,0.0,13.874519741139375,8.556296012747008,4.6,13.817252314367977,0
662.0,38,13,0.0,13.705415477770105,8.203875185085428,5.184210526315789,13.565039340198277,0
663.0,38,13,0.0,13.789974419260398,7.988121288984462,5.526315789473684,13.976277238848594,0
664.0,37,13,0.0,15.16894741913183,7.786186533117742,6.027027027027027,14.429786864868758,0
665.0,37,14,0.0,13.839145499843829,7.309824714976241,6.378378378378378,14.235643640397388,1
666.0,37,14,0.0,14.546311225093627,7.390653307674344,6.756756756756757,14.690039654494917,1
667.0,38,16,0.0,14.369596937954151,6.674603920725604,6.947368421052632,14.271644774749742,3
668.0,36,15,0.0,13.871340435673483,6.43344942604567,7.75,15.08926220222609,3
669.0,36,15,0.0,13.788560573803261,6.2685007068896725,8.166666666666666,15.624865342685196,3
670.0,35,16,0.0,13.88496156197507,6.001428924214187,8.857142857142858,16.374150768591377,3
671.0,34,16,0.0,13.829486664012075,5.979735954548314,9.588235294117647,16.8565280395648,2
672.0,35,18,0.0,13.76634350593597,5.579208042679266,9.771428571428572,16.6826069049415,4
673.0,34,17,0.0,14.311224257694484,5.64171857907175,10.558823529411764,17.216286395149705,2
674.0,34,18,0.0,13.892408099235036,5.516559891380706,11.058823529411764,17.584138977475238,3
675.0,33,17,0.0,13.546583924884908,5.433663827573054,11.909090909090908,18.149346854226796,3
676.0,33,15,0.0,13.935493170847112,5.772838047975914,9.969696969696969,18.717496371383792,3
677.0,33,14,0.0,13.98969309521366,5.608161309941124,8.090909090909092,18.744759643851797,4
678.0,34,12,0.0,13.832185438810848,5.769123752306005,6.235294117647059,18.73574607374277,3
679.0,33,10,0.0,13.753425586246886,5.8638734086227755,5.0,19.485811471406382,3
680.0,34,11,0.0,13.757484422274866,5.823455044220198,3.588235294117647,19.03647642462391,4
681.0,34,7,0.0,13.689048681772224,6.425769925271247,2.3529411764705883,19.54546254076188,4
682.0,33,6,0.0,13.747803363576532,6.931525791540039,1.393939393939394,20.405872448185423,4
683.0,33,5,0.0,13.853085568733514,7.635656066033939,1.1515151515151516,20.837351490837097,3
684.0,33,3,0.0,13.756166070094332,8.295310286117402,0.42424242424242425,21.218306187413827,2
685.0,33,3,0.0,13.806937530846335,9.065713880920503,0.5151515151515151,21.541395277895663,2
686.0,34,4,0.0,13.853703517909162,9.374398135139602,0.5882352941176471,21.177368340085536,1
687.0,35,4,0.0,13.837305073486641,9.46166382940344,0.6571428571428571,20.835280725464237,2
688.0,35,4,0.0,13.525057723411269,9.42971925954429,0.7428571428571429,20.96838249075541,3
689.0,35,3,0.0,13.81723877529148,9.852605369892542,0.8285714285714286,21.228020742893687,3
690.0,34,3,0.0,13.76683869920671,9.901775531484345,0.9411764705882353,21.961874247996995,3
691.0,35,4,0.0,13.332851372752339,9.315379568924822,1.0,21.590611805935623,4
692.0,35,3,0.0,13.738621125207283,9.520702788340245,1.0857142857142856,21.871985221617667,3
693.0,35,4,0.0,13.759423043671996,9.611252041314938,1.2,22.14481162050326,2
694.0,35,5,0.0,13.871607963670977,9.70087369075452,1.3428571428571427,22.397986603743096,1
695.0,35,5,0.0,13.848017006041482,9.759480404488876,1.4857142857142858,22.659901211300806,1
696.0,36,6,0.0,13.85470395218581,9.648597422333456,1.5833333333333333,22.262525320206684,2
697.0,37,6,0.0,13.817391800205224,9.374379112137166,1.6756756756756757,21.915657983852455,2
698.0,37,6,0.0,13.840232479711995,9.102013071881029,1.8108108108108107,22.068401303064416,3
699.0,38,6,0.0,13.86032156830188,8.986723540086706,1.894736842105263,21.777513727020914,4
700.0,39,7,0.0,13.874628463154659,9.192766265784853,2.0,21.50491331989211,5
701.0,39,6,0.0,14.725580110480145,9.499692142246403,2.1538461538461537,21.794943915105907,5
702.0,38,7,0.0,15.044770533594958,9.240365304543118,2.3684210526315788,20.00901279638857,5
703.0,38,6,0.0,14.50624642817183,9.457821363331883,2.526315789473684,20.302018189277625,4
704.0,37,7,0.0,13.77043112423271,9.111812522687357,2.7567567567567566,18.477127490395777,4
705.0,39,9,0.0,13.803333084075712,8.813543334040293,2.7948717948717947,17.817676924354096,5
706.0,39,7,0.0,14.81811194019737,9.009939426339464,2.9743589743589745,18.142793751955463,4
707.0,40,9,0.0,15.186577349671818,8.881859258524013,3.1,17.9998476066732,5
708.0,41,9,0.0,14.748571757905841,8.969544648631638,3.2195121951219514,17.86519418180728,5
709.0,39,8,0.0,13.993662533865967,9.008012956507642,3.58974358974359,16.95660944927495,5
710.0,40,9,0.0,13.899588160961867,9.138981045689789,3.7,16.82589491374673,5
711.0,40,10,0.0,14.716028527459613,8.76757695834861,3.9,15.053212875310518,5
712.0,40,8,0.0,15.539988071690797,9.22455576048645,4.1,15.368829881170836,5
713.0,41,9,0.0,13.90073106456893,9.007647575244322,4.195121951219512,15.302049361059318,5
714.0,39,8,0.0,14.60129293830648,9.10585056393265,4.615384615384615,14.490095172368843,4
715.0,39,8,0.0,15.093822347801662,9.433665534381786,4.82051282051282,14.799871173763208,4
716.0,37,9,0.0,14.074709985857382,9.006564566034037,5.297297297297297,12.802083772495081,4
717.0,37,9,0.0,13.878848993428983,9.279039752082003,5.54054054054054,13.123208915549824,2
718.0,35,9,0.0,14.168206958243234,9.049112649181902,6.114285714285714,12.074389640981291,2
719.0,36,11,0.0,15.198113633818476,8.686273812574578,6.194444444444445,11.262266048365277,3
720.0,36,10,0.0,15.198718827623425,8.37910594683491,6.444444444444445,10.803494021423425,4
721.0,35,7,0.0,15.003405832229666,8.161693219211577,4.457142857142857,11.365297125771782,4
722.0,36,6,0.0,13.90505861282397,7.923593545493215,2.5555555555555554,11.431309968805396,4
723.0,35,4,0.0,13.960755583583861,7.834232194672746,1.4,12.038516772985087,4
724.0,35,3,0.0,13.733613673923537,7.495206675216472,0.2857142857142857,12.089349032890313,5
725.0,36,3,0.0,15.074222441235268,7.517909819351208,0.1111111111111111,12.14727698289463,4
726.0,36,3,0.0026739198539637334,13.934065009941056,7.8965583090665,0.19444444444444445,12.538854171744594,3
727.0,36,5,0.0,14.293974422787958,7.832099218974204,0.3055555555555556,12.789302751382673,4
728.0,37,6,0.0,14.984318155011804,8.172877078780354,0.43243243243243246,12.785049534220231,4
729.0,36,5,0.00010808680091749845,15.230620808930778,8.56587594034891,0.5833333333333334,13.353690167443338,4
730.0,37,6,0.0,14.524714786218189,8.929743517700981,0.7027027027027027,13.291900213135294,4
731.0,37,5,0.0,14.628834274302879,9.264023282184407,0.8378378378378378,13.581780532701405,3
732.0,38,6,0.0,15.233708595189908,8.931017242310778,0.9473684210526315,13.526422110860272,4
733.0,39,6,0.0,14.426493004065648,8.385423826485553,1.0512820512820513,13.517045488681129,4
734.0,39,5,0.0,14.648556550274312,8.5323956026633,1.1794871794871795,13.871598561078905,3
735.0,39,5,0.0,15.43075111257892,8.630443219125057,1.3076923076923077,14.217962813280293,3
736.0,38,7,0.0,15.32488492637285,8.627426478333396,1.5263157894736843,14.83779134974728,2
737.0,38,8,0.0,15.421513540726638,8.757775527018312,1.736842105263158,15.172102269314564,2
738.0,38,8,0.0,14.649400773002318,8.852586018942665,1.9473684210526316,15.49766738238139,1
739.0,38,9,0.0,15.457251639254874,8.794923655931267,2.1842105263157894,15.83991355991718,0
740.0,38,9,0.0,14.91234390127699,8.999117197486374,2.4210526315789473,16.155634144683148,0
741.0,39,11,0.0,14.642062137051726,8.696344852431606,2.6153846153846154,16.06469450532357,1
742.0,40,11,0.0,14.751133243305848,8.69057683234194,2.8,15.987672205019058,2
743.0,41,11,0.0,14.513426588507608,8.293081577029982,2.975609756097561,15.955469983223846,3
744.0,41,10,0.0,14.90936264168349,8.292385384083412,3.2195121951219514,16.338937549394412,3
745.0,42,12,0.0,15.231838008513384,8.033203507316273,3.4047619047619047,16.329677797724198,4
746.0,43,12,0.0,14.418851378754953,8.016477866909849,3.5813953488372094,16.331363999643507,5
747.0,42,11,0.0,14.843286522555806,8.23316860715187,3.880952380952381,17.0106328170234,4
748.0,43,12,0.0,14.8006731129798,8.194178418377085,4.046511627906977,16.9858175886054,4
749.0,42,12,0.0,15.535680297723681,8.138134562021175,4.428571428571429,16.582992028735582,3
750.0,41,12,0.0,15.2037435643223,8.020833576789304,4.829268292682927,16.06493474963302,3
751.0,41,15,0.0,14.22820691202021,7.671954870685007,5.170731707317073,15.466363228251655,3
752.0,39,14,0.0,13.848118442211941,7.186250966047574,5.794871794871795,14.669710752427182,2
753.0,38,14,0.0,15.750055328950927,6.947221645796184,6.315789473684211,14.450041249039169,2
754.0,37,14,0.0,15.143029796177231,6.858412624240413,6.864864864864865,14.507768770476163,1
755.0,37,15,0.0,15.295296262540406,6.872350945388487,7.27027027027027,14.999674993132153,1
756.0,36,17,0.0,14.076663176094822,6.400383553391242,7.916666666666667,15.25801241004535,2
757.0,38,18,0.0,15.815014213657648,6.280056193558305,7.921052631578948,14.936510156635743,3
758.0,37,16,0.0,14.736805169552074,6.40564038523284,8.567567567567568,14.823990172950932,3
759.0,37,17,0.0,15.518195827639373,6.205685407598212,9.0,14.987315811261107,4
760.0,37,16,0.0,15.812762084634684,6.428462372074759,9.432432432432432,15.511493629316744,4
761.0,37,16,0.0,15.141987953552686,6.551267210186671,9.864864864864865,16.02675519124033,4
762.0,38,17,0.0,15.163448618360505,6.396576396458034,10.026315789473685,16.10578308879899,4
763.0,37,16,0.0,15.671174625129149,6.270645371455028,10.72972972972973,16.719290888167436,2
764.0,36,17,0.0,13.756494765710258,5.512695215049517,11.472222222222221,17.44788037654979,3
765.0,35,16,0.0,14.172449259308609,5.492033048172583,12.257142857142858,18.261684486774648,2
766.0,34,16,0.0,13.881591121526435,5.74599268808667,10.617647058823529,18.629988715744624,2
767.0,34,14,0.0,13.462158315791749,6.160416381531092,8.647058823529411,19.1615713250869,2
768.0,34,12,0.0,13.734379260176965,6.546815168291767,6.882352941176471,19.67814268971685,1
769.0,34,10,0.0,14.159948362647727,7.105459866926572,5.264705882352941,20.140089412163842,1
770.0,34,8,0.0,13.986433823178695,7.172975273716595,3.911764705882353,20.610691051983483,0
771.0,35,7,0.0,13.456547829532065,7.063575880128688,2.4857142857142858,20.469317448007377,1
772.0,35,4,0.0,13.295244415965863,7.43581593937421,1.4,20.91634703687841,1
773.0,34,3,0.0,13.88460947314743,7.814556041269426,0.5,21.810221425977254,1
774.0,34,2,0.002609317668799821,13.848971888357946,8.46659262452704,0.08823529411764706,22.167752328674954,1
775.0,33,1,0.00170627536642902,13.97399699943984,8.618314621674243,0.09090909090909091,23.035106295657908,1
776.0,33,2,0.0,14.108322718069129,8.800014972042618,0.15151515151515152,23.386207169415943,1
777.0,33,3,0.0,13.725892455759459,8.336116483539932,0.21212121212121213,23.58167062431978,1
778.0,33,4,0.0,14.547594583295458,8.420162169242369,0.30303030303030304,23.7189976016029,2
779.0,33,4,0.0,13.82947645836664,8.409123222548489,0.42424242424242425,24.09866811922794,2
780.0,34,5,0.0,13.868860261957161,8.332517785683468,0.5294117647058824,23.736772640816703,3
781.0,34,4,0.0,14.141213408342242,8.565817575473798,0.6470588235294118,24.0913579146155,3
782.0,34,5,0.0,13.845977413464949,8.576611928622171,0.7647058823529411,24.30049581976443,4
783.0,36,7,0.0,13.676237516198308,8.366967123035632,0.8611111111111112,23.27759458480479,5
784.0,36,5,0.0,14.035645352303982,9.043517722894734,1.0,23.61044945563051,4
785.0,36,5,0.0,13.89292862659786,9.171379371923463,1.1388888888888888,23.921830426688995,4
786.0,38,7,0.0,15.09563037158715,8.905420292599857,1.2105263157894737,22.952825811577128,5
787.0,38,5,0.0,13.883826113748365,9.03468045127338,1.3421052631578947,23.276072831032376,5
788.0,40,7,0.0,14.906594073830615,8.810727813645945,1.4,22.40150324626035,6
789.0,40,5,0.0,13.858804179448635,9.192035937099174,1.525,22.72386841843929,4
790.0,43,9,0.0,13.838950817419947,8.939408265029146,1.558139534883721,21.41045085858385,7
791.0,41,6,0.0,15.567916459456198,9.189716485258755,1.7804878048780488,20.20103545428622,7
792.0,41,7,0.0,14.871603696361921,9.505284453631093,1.951219512195122,20.502532074134454,5
793.0,42,8,0.0,14.458365729211629,9.65474571945153,2.0714285714285716,20.281058646916645,6
794.0,41,8,0.0,15.714375533611625,9.471338753743051,2.292682926829268,18.544535836282538,5
795.0,42,8,0.0,15.307955839374214,9.36050517214809,2.4047619047619047,18.39152860283591,6
796.0,40,7,0.0,14.402002899214738,9.418899568121699,2.7,17.232420859850293,3
797.0,40,7,0.0,14.739603290019998,9.68139049295121,2.875,17.5216864855966,3
798.0,40,9,0.0,14.900458327942639,9.669307190628796,3.075,16.692593328346653,4
799.0,40,8,0.0,14.393199044471718,9.684567205703292,3.275,16.97973387353544,3
800.0,39,8,0.0,15.646540482161678,9.710705096155372,3.5641025641025643,16.790352865344317,2
801.0,42,11,0.0,15.288927047845087,8.928944159161603,3.5,15.859280076354507,4
802.0,41,8,0.0,15.596618801314495,8.941810541966658,3.7804878048780486,15.76972867278167,4
803.0,40,9,0.0,14.434099190015585,8.902998129026937,4.1,15.231524157621806,4
804.0,39,9,0.0,15.10337823870293,9.096409241049953,4.435897435897436,14.823660449873536,3
805.0,39,9,0.0,15.152148948638812,9.202344754702043,4.666666666666667,15.141705217467297,3
806.0,38,10,0.0,13.821112955719473,8.560150086104342,5.026315789473684,13.713690268249067,4
807.0,38,9,0.0,13.884680683352054,8.476171033141657,5.2631578947368425,14.082640111137017,1
808.0,40,11,0.0,14.340255511421018,7.846914723163231,5.225,13.732551669317143,3
809.0,38,10,0.0,13.871042092307471,7.377921510428085,5.7631578947368425,13.362166561190818,3
810.0,39,11,0.0,13.563132100482472,7.056758692492701,5.871794871794871,13.464806381874546,4
811.0,39,11,0.0,13.628629672783427,6.735709937536157,4.3076923076923075,13.079113130156408,5
812.0,40,11,0.0,15.77202977403637,6.041393560477705,2.775,11.67935432040242,7
813.0,40,8,0.0,14.631546497024708,6.319573474295907,1.55,12.20795741169817,7
814.0,38,6,0.0,15.510651348327398,6.212978561161184,0.9210526315789473,12.460663080220687,5
815.0,39,7,0.0,15.567868442676142,6.391928409672717,0.46153846153846156,12.632742584788767,6
816.0,39,7,0.0,15.303364976571054,6.491790350335036,0.358974358974359,12.746245420416493,6
817.0,39,5,0.0,13.922806634992472,6.756561853848339,0.2564102564102564,12.955893524393254,6
818.0,39,3,0.00015674572204474733,14.225533536035678,7.439333310191553,0.20512820512820512,13.392426831031193,3
819.0,39,3,0.0,14.369896213366761,7.846610134409923,0.28205128205128205,13.797556144264194,3
820.0,40,4,0.0,13.802555482188351,8.07620388249432,0.35,13.802851066034794,4
821.0,41,4,0.0,15.242680401826389,8.267702216212422,0.4146341463414634,13.802141893280597,4
822.0,43,5,0.0,14.312218154017925,8.232122087662272,0.46511627906976744,13.48829481755323,5
823.0,43,3,0.0,14.40570382560242,8.481805049698636,0.5348837209302325,13.832197142180126,4
824.0,43,3,0.0,15.358088874240517,8.947704916516626,0.6046511627906976,14.151797002439674,4
825.0,44,4,0.0,14.322339613066166,9.2052438009129,0.6590909090909091,14.098875920748727,5
826.0,44,3,0.0,14.565953631914333,9.560731259941052,0.7272727272727273,14.3611557587351,4
827.0,44,3,0.0,15.08114332189422,9.687733356000725,0.7954545454545454,14.624811922688544,3
828.0,44,3,0.0,14.020757645141444,9.779687583959271,0.8636363636363636,14.882883362453214,1
829.0,44,4,0.0,14.505961528559826,9.231392431112887,0.9318181818181818,15.041761645388913,2
830.0,43,4,0.0,13.856083745206385,9.337481969028476,1.0465116279069768,15.496932539097964,2
831.0,44,6,0.0,15.70607154041031,9.484767486904616,1.1363636363636365,15.398678982800067,2
832.0,44,6,0.0,13.826722277514316,9.620274291029292,1.2727272727272727,15.664565691279813,2
833.0,44,6,0.0,14.817193502676352,9.772900866333396,1.4090909090909092,15.920002876622329,2
834.0,45,7,0.0,15.819902361998945,9.619160055329546,1.511111111111111,15.812365075192542,3
835.0,46,7,0.0,14.939790501934155,9.153460301138413,1.608695652173913,15.74989473047522,3
836.0,47,8,0.0,14.466161839221284,8.780419054250123,1.7234042553191489,15.713938754838738,4
837.0,47,6,0.0,14.55463113489063,8.924878814526405,1.8297872340425532,16.023288501444135,3
838.0,48,8,0.0,14.315332361892477,8.702306043107143,1.9375,16.004720292448567,4
839.0,47,8,0.0,13.839922086661682,8.505065940977879,2.127659574468085,14.488363204276988,5
840.0,48,9,0.0,13.392517043836415,8.337528241149968,2.25,14.517910644413147,5
841.0,48,9,0.0,13.846138606173918,8.5454045651639,2.4375,14.863431481328638,4
842.0,48,11,0.0,13.85936667220667,8.409930600327307,2.6458333333333335,14.340729747941404,4
843.0,49,11,0.0,13.770098312734627,8.339103071145852,2.795918367346939,14.393227736740522,5
844.0,49,14,0.0,13.823062615911477,8.033411342870702,3.0408163265306123,12.899428150391602,6
845.0,49,12,0.0,13.940784957349912,8.146567197232372,3.2857142857142856,13.281575212306416,5
846.0,47,13,0.0,14.17704665321453,8.11451213855011,3.702127659574468,12.572574080961465,4
847.0,46,14,0.0,13.899935946194455,7.696232073642107,4.065217391304348,11.974605185277175,5
848.0,47,15,0.0,13.7476807520492,7.737197614917062,4.276595744680851,12.107761356304254,5
849.0,45,14,0.0,13.66429891656153,7.672180214632572,4.777777777777778,12.193395264818056,4
850.0,45,16,0.0,13.896635035378859,7.507987119893653,5.111111111111111,12.210825455164436,3
851.0,45,16,0.0,13.87951033920981,7.101474860448028,5.444444444444445,12.226508360903507,4
852.0,44,15,0.0,13.642534577846527,7.106413980870116,5.909090909090909,12.554515094706135,4
853.0,43,17,0.0,13.716555070807226,6.799495808515997,6.4186046511627906,12.4450406415094,4
854.0,43,17,0.0,13.88893567477353,6.636892252057251,6.790697674418604,12.54869945622022,4
855.0,43,17,0.0,13.742658278165482,6.663269253808794,7.162790697674419,12.607774495704536,5
856.0,43,16,0.0,13.779981709527783,6.628154640071165,5.627906976744186,12.969540455681676,5
857.0,44,14,0.0,13.79226730366145,6.798003395418951,4.295454545454546,13.131393301150677,5
858.0,45,12,0.0,14.173544768873267,6.818844575568139,3.2666666666666666,13.296338479636413,6
859.0,44,10,0.0,13.792200802714662,6.539600914717755,2.6363636363636362,13.387698916897255,6
860.0,45,10,0.0,13.566728232754395,6.733538957173707,1.9555555555555555,13.552537973678485,6
861.0,45,7,0.0,14.016711816754794,7.3042873440682365,1.3555555555555556,13.993195208259682,5
862.0,44,5,0.0,14.947669577882296,7.508922486603111,0.8636363636363636,14.548893340406075,4
863.0,45,6,0.0,14.717496126847944,7.656855589974022,0.4,14.601941667316792,4
864.0,46,4,0.0,14.639744175981535,7.813157733107152,0.2608695652173913,14.649917052379243,4
865.0,47,5,0.0,14.55076695683255,7.588397559710013,0.2127659574468085,14.531080555519965,5
866.0,48,4,0.0,14.777321774027913,7.704519061481567,0.2708333333333333,14.599409103074393,5
867.0,48,4,0.0,14.290773779677034,7.851578856734368,0.3541666666666667,14.987042504817923,5
868.0,50,6,0.0,14.182119640708567,7.973741080897703,0.42,14.71769441355386,7
869.0,51,7,0.0,14.964324883699195,7.813573644831224,0.5098039215686274,14.679231893074302,8
870.0,51,5,0.0,14.948705388383745,8.12023590613216,0.6078431372549019,15.044915580051548,7
871.0,50,5,0.0,14.111339692153773,8.560467874097212,0.72,15.582748935889642,5
872.0,51,7,0.0,13.796089544507481,8.754880929835958,0.8235294117647058,15.57090206343497,5
873.0,54,9,0.0,13.538022235279708,8.415687818773167,0.8888888888888888,14.997640647836933,8
874.0,54,6,0.0,13.749866552627646,8.643064416406473,1.0,15.319529288898968,6
875.0,55,8,0.0,14.823325251379787,8.517299822078046,1.1090909090909091,15.355128907457471,5
876.0,57,9,0.0,13.695295345713385,8.300934148446906,1.1929824561403508,15.129862389995417,7
877.0,57,7,0.0,14.99365012961141,8.30451954779172,1.3157894736842106,15.48230702648557,7
878.0,57,9,0.0,14.701796651270046,8.56160918606992,1.4736842105263157,15.822546556785868,6
879.0,57,11,0.0,13.928368664799995,8.621145253802041,1.6666666666666667,16.153432617319215,3
880.0,57,11,0.0,13.89598696792964,8.704755209454348,1.8596491228070176,16.47705276604575,3
881.0,56,12,0.0,13.808991931282105,8.475316099436824,2.0892857142857144,16.065260830784133,3
882.0,57,15,0.0,13.6953761566896,8.14399082448573,2.280701754385965,15.247921398297164,3
883.0,57,13,0.0,13.819066954636947,8.272203301827329,2.508771929824561,15.611060537664187,3
884.0,56,14,0.0,13.866435012407601,8.259526381769556,2.8035714285714284,15.367013967352745,3
885.0,56,15,0.0,13.644459153269418,8.279418382270228,3.0714285714285716,15.727421909062642,3
886.0,58,17,0.0,13.55345390001312,8.173529114782278,3.2241379310344827,15.519069314140676,5
887.0,59,16,0.0,13.814093848201447,8.212386937653323,3.4237288135593222,15.599474289533898,5
888.0,60,16,0.0,13.823873620922678,8.019821839438993,3.6166666666666667,15.704236651575279,4
889.0,58,16,0.0,13.784168921737,7.8290050662469275,4.017241379310345,15.360180325863352,4
890.0,59,17,0.0,14.162948950003647,7.656487036320195,4.220338983050848,15.496234034902521,5
891.0,58,17,0.0,14.192957602530532,7.371023147157322,4.568965517241379,14.854632623801235,6
892.0,59,18,0.0,13.575266054342501,7.167826134523303,4.779661016949152,15.03750420377431,5
893.0,57,18,0.0,13.863267298066058,7.004564707429026,5.2631578947368425,14.788988114311488,4
894.0,56,19,0.0,13.156349580129609,6.875549326114121,5.696428571428571,14.860498133012262,3
895.0,58,21,0.0,13.676699559530244,6.608292907709872,5.827586206896552,14.808215299683376,5
896.0,57,21,0.0,13.808148457412608,6.49901538101365,6.280701754385965,14.56772212480715,5
897.0,57,21,0.0,13.790772844082676,6.647667162811652,6.649122807017544,15.061675340253865,4
898.0,58,21,0.0,14.073502344052121,6.666486356931069,6.862068965517241,15.277791697905936,4
899.0,60,24,0.0,14.134758937727474,6.517188427956864,7.0,15.239897501189802,6
900.0,57,23,0.0,13.862028418900445,6.2482827278047255,7.771929824561403,15.219937944458636,6
901.0,56,21,0.0,13.79832915388979,6.166425133256,6.875,15.78796444433479,4
902.0,55,20,0.0,13.876462448714301,6.1319368509220125,6.1454545454545455,16.00104594299048,3
903.0,59,23,0.0,13.854841619008221,5.8753536407558995,5.016949152542373,15.401227168390982,7
904.0,57,18,0.0,13.463699680380524,6.0789390351482995,4.456140350877193,15.711476452822527,6
905.0,57,19,0.0,13.837582347192802,6.239296253292417,3.8421052631578947,16.110508343700292,5
906.0,59,18,0.0,13.86246169519145,6.260270664228668,3.135593220338983,16.049548515068484,7
907.0,59,15,0.0,13.88998049821239,6.557590197027598,2.593220338983051,15.98316707457937,8
908.0,60,14,0.0,13.636353761400096,6.887635557276336,2.066666666666667,16.17163496912319,9
909.0,62,13,0.0,13.786338745011017,6.946815682639312,1.5483870967741935,16.074557796068948,7
910.0,62,10,0.0,13.776669274643064,7.478522193104414,1.3387096774193548,16.490975380988573,7
911.0,62,10,0.0,13.706198813486845,7.549687007699649,1.1935483870967742,16.545558819447685,7
912.0,64,13,0.0,13.82029545281548,7.458798795230901,1.3125,16.31657911008415,8
913.0,64,9,0.0,13.842843412864022,7.904911831351299,1.234375,16.710881616352427,7
914.0,64,8,0.0,14.11411789183196,8.141769399659399,1.140625,17.08751090800552,6
915.0,67,10,0.0,13.712691445811652,7.879744100010983,1.0,16.67362832769771,7
916.0,66,8,0.0,15.537158098066463,8.035504591740112,1.1363636363636365,17.131096197402364,7
917.0,66,9,0.0,13.825912704318762,8.18480853036426,0.9696969696969697,17.41052728802611,7
918.0,69,11,0.0,13.77233607633973,8.14654861979355,1.0434782608695652,16.984349481874663,7
919.0,68,8,0.0,13.856043604179286,8.279367767697204,1.1470588235294117,17.440826338189815,7
920.0,67,9,0.0,14.143123842380607,8.359782205099574,1.2835820895522387,17.772348501356326,8
921.0,68,9,0.0,13.745966385677457,8.434058503073935,1.3823529411764706,17.845521914608756,6
922.0,67,9,0.0,13.876434893816716,8.580953431810956,1.537313432835821,18.36668506877731,6
923.0,67,11,0.0,13.747715927055106,8.587934035994113,1.6865671641791045,18.603187533173536,6
924.0,67,10,0.0,14.896958800991667,8.813668038648428,1.835820895522388,18.925097707150673,3
925.0,67,11,0.0,14.447529710926718,8.78088590553804,2.0,19.25087485200839,3
926.0,67,11,0.0,14.41148859549281,8.756770339395064,2.1641791044776117,19.578085902511916,2
927.0,66,11,0.0,14.16411153770019,8.808241475466811,2.3636363636363638,19.458349616753562,1
928.0,67,13,0.0,14.617926728496931,8.499582211446883,2.5074626865671643,19.500529707191244,2
929.0,67,14,0.0,15.0822683323218,8.33096506628826,2.701492537313433,19.122363699047597,2
930.0,66,13,0.0,14.12077811202094,8.381815216589018,2.9393939393939394,19.00445357369108,2
931.0,66,14,0.0,14.97262345476043,8.429904135406138,3.1515151515151514,19.357755573670488,2
932.0,67,16,0.0,13.752757353684865,8.06737628120981,3.3134328358208953,18.69575818945131,4
933.0,68,15,0.0,14.939898581900305,7.935431776404454,3.4705882352941178,18.788391305155294,5
934.0,66,15,0.0,13.850877363327891,7.807168917912423,3.803030303030303,18.48925960658097,4
935.0,67,16,0.0,14.868113579814924,7.7837050369414165,3.970149253731343,18.601084401818238,4
936.0,67,19,0.0,14.133447960838346,7.382152046996543,4.223880597014926,17.608771961607975,6
937.0,68,19,0.0,14.626757073267035,7.341002990862838,4.426470588235294,17.7655537673523,7
938.0,69,21,0.0,13.74074925549794,7.0034459319742375,4.63768115942029,17.299906897754813,7
939.0,67,21,0.0,13.542451448249631,6.845546898748906,5.08955223880597,17.072883640457857,6
940.0,67,21,0.0,13.491800741482125,7.050893208569665,5.402985074626866,17.531236964603906,6
941.0,66,22,0.0,13.856111165811308,7.107558045368894,5.818181818181818,17.77718400830489,5
942.0,66,23,0.0,13.852352840220556,7.008316450727578,6.151515151515151,17.705262128220035,4
943.0,66,26,0.0,13.766527433739975,6.670230764892801,6.515151515151516,16.99398604336206,5
944.0,66,25,0.0,13.879680572869256,6.746715906261085,6.893939393939394,17.474385625459224,3
945.0,66,26,0.0,13.891005527437665,6.536530936922993,7.2727272727272725,17.32215481311105,4
946.0,66,24,0.0,13.439544674451463,6.546614987327538,6.2727272727272725,17.82137285341575,4
947.0,65,22,0.0,13.77501647300087,6.681648575981397,5.507692307692308,18.163134341281108,4
948.0,65,22,0.0,13.887347471062094,6.743412140128044,4.8,18.113987709643038,4
949.0,64,19,0.0,13.850070800603804,6.825131880954897,4.1875,18.373596302958322,2
950.0,63,19,0.0,13.861820753058419,7.089202153014136,3.6825396825396823,18.708490164834945,2
951.0,64,19,0.0,13.803675766312518,6.9569485092997265,3.125,18.627988597610262,3
952.0,62,16,0.0,14.095317464974924,7.018681946107197,2.774193548387097,18.774714713772656,3
953.0,61,15,0.0,13.878596166940406,7.201338891496814,2.4754098360655736,18.978121072276267,3
954.0,61,15,0.0,13.68838440089021,7.185071079641213,2.1475409836065573,19.11581270092228,3
955.0,60,12,0.0,13.775157953589224,7.407501920705949,1.8166666666666667,19.23775686345734,3
956.0,59,10,0.0,13.814141489891336,7.5624173604977525,1.4745762711864407,19.75306603800166,3
957.0,58,10,0.0,13.809848490729928,7.6064551232560795,1.4310344827586208,20.353320353325458,1
958.0,58,8,0.0,14.00862199340596,7.7622914774951,1.0689655172413792,20.76126452054854,1
959.0,57,9,0.0,13.755639915554125,7.70441087558162,1.0,20.874173230027647,2
960.0,57,7,0.0,13.84250440504402,7.49936798553914,0.8771929824561403,20.787666715517318,2
961.0,57,6,0.0,13.73628998103086,7.525577173562267,0.9824561403508771,21.210865955820108,2
962.0,56,7,0.0,13.800969727896154,7.361549909171548,1.125,21.912945164304354,2
963.0,55,8,0.0,13.744196127029136,7.27337315799029,1.2727272727272727,22.213838602709902,3
964.0,56,9,0.0,13.799450239517009,7.4151949112969,1.3928571428571428,22.22497709196381,4
965.0,56,10,0.0,13.510927332891152,7.46224563484781,1.5535714285714286,22.31960998779412,4
966.0,56,10,0.0,13.34804108119487,7.725562964876681,1.7321428571428572,22.710863234202446,3
967.0,57,11,0.0,13.819809738261021,7.719832786149834,1.8771929824561404,22.69310029953877,4
968.0,58,13,0.0,13.742490420560353,7.496226777140025,2.0344827586206895,22.598893572156534,6
969.0,60,13,0.0,13.848150308686309,7.515834631677401,2.15,22.22692979208328,7
970.0,61,12,0.0,14.999334778949155,7.786209272029194,2.2950819672131146,22.242204975728885,7
971.0,61,15,0.0,14.737430447782389,7.786531666499773,2.5245901639344264,21.671951538358705,7
972.0,60,13,0.0,16.410913446499034,7.945122381126112,2.7666666666666666,21.506708711763753,7
973.0,61,14,0.0,15.98799993135035,7.916821568476009,2.9344262295081966,21.52260969709422,7
974.0,61,13,0.0,14.899411227600648,7.941568345489057,3.1475409836065573,21.89859402182371,5
975.0,62,14,0.0,16.359150094862372,8.015659166929014,3.306451612903226,21.90112912455207,4
976.0,61,15,0.0,14.479960727594488,7.861849316608752,3.5901639344262297,20.999767716929465,4
977.0,60,14,0.0,16.147722143726423,8.0776473480248,3.8833333333333333,21.004110295061384,3
978.0,61,15,0.0,15.02810766612708,8.162387746309543,4.049180327868853,21.014852822851605,4
979.0,60,15,0.0,16.30741764116101,8.163928036502934,4.35,20.886228657649614,4
980.0,60,15,0.0,16.217490439582615,8.158774201400535,4.583333333333333,20.48760930991547,5
981.0,58,14,0.0,15.196610256583126,8.096091014078207,4.982758620689655,19.9786831733498,4
982.0,57,14,0.0,15.808854392869398,8.16381715482536,5.315789473684211,19.961035232008616,3
983.0,57,15,0.0,15.276535508572124,7.940762709147025,5.56140350877193,19.6369528708363,4
984.0,56,14,0.0,15.757398599032939,8.062969347681568,5.910714285714286,19.704377366155487,3
985.0,57,15,0.0,15.069595305291632,7.9677163776326365,6.052631578947368,19.726332511060146,3
986.0,58,15,0.0,15.452226913371122,8.069405636562355,6.189655172413793,19.744829985245893,3
987.0,57,15,0.0,14.0985637257301,8.055340872435734,6.56140350877193,19.751873482594267,3
988.0,57,17,0.0,14.59618251004319,7.6608215459984255,6.824561403508772,18.946925320474246,5
989.0,56,16,0.0,14.09734124163694,7.648858252000549,7.232142857142857,19.064370431125894,4
990.0,56,17,0.0,13.530697532673367,7.542916526583292,7.535714285714286,19.478932586302147,4
991.0,57,18,0.0,13.773401437769644,7.22929419949639,6.2105263157894735,18.89207666353796,5
992.0,57,15,0.0,13.619481630483643,7.003563030934813,5.140350877192983,18.737114604880468,5
993.0,57,13,0.0,13.70112381075652,7.300332832284968,4.105263157894737,19.172427234952096,5
994.0,58,13,0.0,13.631525893090293,7.462423425961341,3.086206896551724,19.23918452817841,4
995.0,59,13,0.0,13.417621823728435,7.178989083743734,2.2203389830508473,18.842324246990767,6
996.0,59,10,0.0,13.631770044309087,7.408582600427453,1.4745762711864407,18.72035820758448,7
997.0,59,10,0.0,13.790953304362484,7.492288326410778,0.8305084745762712,18.472974518099782,6
998.0,58,7,0.0,13.817449908447452,7.6954562551975405,0.6206896551724138,18.612172899889107,5
999.0,59,8,0.0,13.882046272489243,7.983288784077565,0.4406779661016949,18.667040607478036,6
1000.0,60,9,0.0,13.767714547668584,7.951558453638322,0.4666666666666667,18.13857204284673,7
1001.0,60,7,0.0,13.722811123682183,8.116050849839365,0.4166666666666667,18.094912018660224,6
1002.0,59,6,0.0,14.08058770767034,8.53035278053027,0.4406779661016949,18.26781299511254,5
1003.0,59,6,0.0,13.949158611754822,8.652522979458679,0.4576271186440678,17.97567072548342,5
1004.0,59,5,0.0,14.660388608696806,8.704317868007227,0.4745762711864407,17.917586968967257,6
1005.0,59,4,0.0,14.391061748852783,8.908607556607622,0.5423728813559322,18.22712473398039,5
1006.0,59,6,0.0,14.96021550793753,9.042064519167363,0.6271186440677966,18.045838770942616,4
1007.0,58,7,0.0,14.196454342455539,9.050104495198577,0.7413793103448276,18.08116841787424,4
1008.0,59,7,0.0,14.581546624619342,9.363486746503536,0.8305084745762712,18.049292645611658,5
1009.0,59,6,0.0,14.811006964255059,9.6959965065089,0.9322033898305084,18.31566494158754,4
1010.0,58,7,0.0,14.031637506932887,9.616826091532593,1.0517241379310345,18.263302571956906,4
1011.0,57,6,0.0,13.849610087322072,9.692513037210594,1.1754385964912282,18.747018617226626,4
1012.0,57,7,0.0,14.361594225450471,9.551832678874831,1.280701754385965,18.87259758233549,4
1013.0,57,7,0.0,13.75079144849442,9.454891323770148,1.3859649122807018,18.861206240791503,4
1014.0,56,7,0.0,13.993590863213159,9.452203884560143,1.5357142857142858,19.367359919682745,3
1015.0,56,8,0.0,13.780624418146909,9.733062309004055,1.6785714285714286,19.62753089388238,3
1016.0,56,9,0.0,13.805164897674695,9.503987630751482,1.8214285714285714,18.921653698352937,3
1017.0,58,11,0.0,13.82265787650831,9.139223893874805,1.896551724137931,17.474177357285193,6
1018.0,57,8,0.0,13.811902710372802,9.27104376162862,2.0701754385964914,17.86608158476308,5
1019.0,60,12,0.0,13.78698038356939,8.969285822684327,2.1166666666666667,17.240962688285688,7
1020.0,60,10,0.0,13.85931548497174,8.912536075283112,2.2666666666666666,16.572093793368893,8
1021.0,60,9,0.0,13.395118942693808,9.112973184389578,2.4166666666666665,16.879195137875676,8
1022.0,59,10,0.0,13.704819064564072,9.09080014991691,2.610169491525424,15.793291654458,8
1023.0,58,11,0.0,13.765168852265925,8.995557623616195,2.8275862068965516,14.751862211388776,6
1024.0,57,10,0.0,13.835160315595568,8.904067606794614,3.0526315789473686,14.560622649142374,6
1025.0,59,13,0.0,14.076903909678785,8.66604528726192,3.135593220338983,14.374307481330575,5
1026.0,61,14,0.0,13.894530905620195,8.46832384486144,3.2295081967213113,14.226349193691675,6
1027.0,60,12,0.0,13.454991810931825,8.466009707412432,3.4833333333333334,14.104950148999688,6
1028.0,60,15,0.0,14.671017726930724,8.250790811429473,3.7,12.986229369764349,7
1029.0,61,15,0.0,14.601828132159838,8.257503330804257,3.8688524590163933,13.122311291992837,7
1030.0,60,14,0.0,14.054108890853652,8.14954148501058,4.133333333333334,12.318490404026216,8
1031.0,60,14,0.0,14.714056859616951,8.28823329922834,4.35,12.084186651048375,7
1032.0,61,15,0.0,14.90084070680646,8.407211376759479,4.508196721311475,12.2298244793976,6
1033.0,60,16,0.0,14.441196131738664,8.371576441530266,4.833333333333333,11.98107703153367,7
1034.0,62,17,0.0,13.8251321189804,8.422321624994183,4.919354838709677,11.923482681692253,7
1035.0,62,17,0.0,13.714383344419643,8.315288825478161,5.161290322580645,11.550909962372543,8
1036.0,62,13,0.0,13.757329408754595,8.451216493033211,4.064516129032258,11.908701788311523,7
1037.0,62,12,0.0,13.820311483205296,8.418583778156213,3.1451612903225805,11.970219192959606,7
1038.0,63,12,0.0,14.184705317206681,8.322278731508446,2.3015873015873014,11.713643104670906,8
1039.0,62,9,0.0,14.418766756201924,8.321136314725694,1.6290322580645162,11.905228971009072,7
1040.0,61,8,0.0,15.182747326350489,8.224614287119163,1.0819672131147542,11.806877306248426,6
1041.0,62,7,0.0,14.982209422231369,8.366428719167377,0.6935483870967742,11.965047914056859,5
1042.0,63,8,0.0,14.655940300089581,8.090469630295392,0.36507936507936506,11.868962533313967,7
1043.0,62,6,0.0,15.13480835989646,8.105231003347768,0.3064516129032258,12.20555912710575,6
1044.0,62,7,0.0,14.327195473616639,8.18466513165395,0.3709677419354839,12.354028387224046,5
1045.0,62,7,0.0,14.45174640256043,7.987255113186923,0.46774193548387094,12.546473776058923,6
1046.0,62,8,0.0,14.715130133294196,8.139646657961542,0.5806451612903226,12.81064388580323,6
1047.0,62,9,0.0,15.489010962420771,8.03556933549755,0.7096774193548387,13.027593742007355,6
1048.0,61,9,0.0,15.131850892464326,7.887064783150787,0.8524590163934426,13.236310945756154,5
1049.0,63,11,0.0,15.464983989084766,7.912328553767649,0.9682539682539683,13.181130762015437,7
1050.0,64,10,0.0,15.717772147078694,8.0365085902136,1.09375,13.35381919221451,7
1051.0,64,10,0.0,14.815088379798153,7.878513953200773,1.234375,13.646992918736583,7
1052.0,64,11,0.0,15.568060207805292,8.067496851798564,1.40625,14.03962028259596,6
1053.0,65,13,0.0,14.19444287721596,7.922674350610793,1.5538461538461539,14.133961459823077,7
1054.0,64,13,0.0,14.715419885139609,8.134468557462007,1.78125,14.6345647327311,6
1055.0,64,14,0.0,14.520966741233133,8.334573871624881,2.0,14.999796003429418,4
1056.0,65,15,0.0,15.528704544142059,8.306353862328793,2.1846153846153844,15.128947729720554,4
1057.0,67,16,0.0,15.727889254185541,8.24823222780156,2.328358208955224,15.026719513467684,5
1058.0,67,15,0.0,15.215159288732506,8.410204037967896,2.537313432835821,15.320006034153893,6
1059.0,68,15,0.0,15.951764459008523,8.398445233881139,2.7058823529411766,15.451276487564702,5
1060.0,69,18,0.0,14.881301678283311,8.237656800698472,2.898550724637681,14.821359802493824,7
1061.0,71,18,0.0,14.713779440810143,8.070017896734994,3.0422535211267605,14.764399536137079,9
1062.0,71,16,0.0,15.005933518716304,8.178099051310314,3.267605633802817,15.151569132482942,8
1063.0,71,18,0.0,16.33364957988652,8.2336092055274,3.507042253521127,14.842753085793047,7
1064.0,70,19,0.0,15.479087921543218,8.12178286772976,3.8142857142857145,14.154724017503323,7
1065.0,71,19,0.0,14.805871075819418,8.198176873828556,4.014084507042254,14.326113699346557,7
1066.0,72,19,0.0,13.736613110383042,8.165549700339758,4.208333333333333,14.498992638370218,6
1067.0,71,20,0.0,13.566085563012265,8.135275173171076,4.535211267605634,13.896933896208113,5
1068.0,71,21,0.0,13.763242894876749,7.903403268883121,4.816901408450704,13.826914479232153,6
1069.0,72,22,0.0,13.83090782163199,7.683312576479021,5.027777777777778,13.41207972855009,7
1070.0,71,20,0.0,13.753542073746212,7.739920489447204,5.380281690140845,13.615550251563945,6
1071.0,72,23,0.0,13.781863059476018,7.550099285070427,5.597222222222222,13.29411015271208,7
1072.0,73,23,0.0,13.859655465791002,7.445869779591656,5.808219178082192,13.16576454868072,8
1073.0,74,23,0.0,13.943922299323281,7.674215607033128,6.027027027027027,13.388937585089689,8
1074.0,73,22,0.0,14.722905844114399,7.647558959848865,6.410958904109589,13.663899045737619,7
1075.0,74,24,0.0,14.237394324284656,7.467115704722062,6.621621621621622,13.514413247567976,7
1076.0,74,24,0.0,13.829115989711136,7.342672874172385,6.9324324324324325,13.503301184834804,8
1077.0,76,25,0.0,14.05911613690169,7.074796442223428,7.052631578947368,13.577927935380426,8
1078.0,76,26,0.0,13.847428548941389,6.813141515895292,7.368421052631579,13.461486705969804,8
1079.0,76,25,0.0,15.09723098545725,6.8780993185106984,7.697368421052632,13.934950403025509,7
1080.0,77,26,0.0,13.952969248595165,6.763503342546604,7.922077922077922,14.223722080519128,8
1081.0,76,25,0.0,13.768133845426751,6.591991746326279,7.223684210526316,14.456064159284525,7
1082.0,76,25,0.0,14.103277753074332,6.377025693550902,6.473684210526316,14.771261649070942,7
1083.0,75,24,0.0,13.702979169762694,6.343050976113714,5.826666666666667,15.26081349535878,5
1084.0,77,25,0.0,14.598871434027938,5.965508448652561,4.987012987012987,15.189307823709566,6
1085.0,76,23,0.0,14.381817343354449,6.152079593003229,4.447368421052632,15.708511094062604,6
1086.0,75,24,0.0,13.904060823177367,6.156749956360114,3.933333333333333,16.034635681911208,6
1087.0,77,23,0.0,14.271637395270778,6.259811465984333,3.2987012987012987,16.10944240310878,7
1088.0,78,22,0.0,13.783967349655018,6.294383477970397,3.08974358974359,16.20623343801477,8
1089.0,77,18,0.0,13.498202414484695,6.457084599027903,2.6493506493506493,16.790790840876287,8
1090.0,78,19,0.0,13.854042542143725,6.474557040568063,2.217948717948718,17.061807721657424,6
1091.0,76,18,0.0,15.377883443940217,6.406163451161055,1.9473684210526316,17.747813871766226,6
1092.0,78,20,0.0,14.505010442161717,6.392515197288857,1.8846153846153846,17.78071460882693,7
1093.0,77,18,0.0,14.649226106638805,6.603748085528639,1.7272727272727273,18.359553126660096,5
1094.0,77,18,0.0,15.047189011057624,6.73470438105782,1.5974025974025974,18.842634665377677,3
1095.0,77,16,0.0,13.880965481121809,6.743768294601157,1.5064935064935066,19.331475488938835,3
1096.0,80,18,0.0,14.937816936574661,6.656570686433722,1.45,19.066362469546373,5
1097.0,78,15,0.0,14.103610490221316,6.639792056939162,1.5384615384615385,19.880617447557558,5
1098.0,78,16,0.0,14.367055689572142,6.839992851155657,1.6666666666666667,20.366686822928806,3
1099.0,76,14,0.0,14.787115486130768,6.5736411032536,1.75,21.10046424037189,3
1100.0,76,16,0.0,14.902261659717905,6.531290535031829,1.9078947368421053,21.602074279727926,3
1101.0,75,17,0.0,15.168432953633154,6.363132115088477,2.0,22.132669755213026,4
1102.0,75,17,0.0,15.07308624664014,6.161756692052731,2.12,22.575116636101082,2
1103.0,74,17,0.0,13.896441520491734,6.028597229795882,2.310810810810811,23.325654900160163,2
1104.0,75,17,0.0,14.155051775517498,6.101886178738172,2.44,23.537779913178817,3
1105.0,78,19,0.0,15.342012502610855,6.060580290625387,2.551282051282051,23.132936260536276,6
1106.0,78,16,0.0,15.778974446080795,6.3803597694050715,2.6923076923076925,23.648376868432592,6
1107.0,81,20,0.0,15.755321914152413,6.467314492358355,2.753086419753086,23.239062916468672,8
1108.0,81,18,0.0,15.588656899783931,6.553924096409219,2.962962962962963,23.74032327581784,7
1109.0,81,18,0.0,15.825131220216102,6.891994742609121,3.185185185185185,24.21204142496662,7
1110.0,82,20,0.0,16.08926616162917,6.961723325259403,3.3658536585365852,23.73391779542139,8
1111.0,81,18,0.0,14.926695948591627,7.092513459149217,3.6296296296296298,23.859578850543766,5
1112.0,82,21,0.0,14.628117120879873,7.182826700053738,3.817073170731707,23.385387482586484,7
1113.0,82,22,0.0,16.148024482893927,7.22041866143665,4.060975609756097,22.541897078639153,6
1114.0,82,20,0.0,14.62267722723464,7.33734802964645,4.304878048780488,22.987501828524998,6
1115.0,82,21,0.0,16.16274516178219,7.31170079838844,4.548780487804878,22.80183251916326,7
1116.0,83,22,0.0,16.353258612923494,7.249158580982873,4.734939759036145,22.35592868406609,7
1117.0,84,23,0.0,15.920781739856288,7.196006971258018,4.928571428571429,21.91203232225322,9
1118.0,84,21,0.0,14.67226072776521,7.367856095224447,5.178571428571429,22.354804221878865,7
1119.0,83,22,0.0,16.045792591370812,7.208350472032468,5.493975903614458,21.943401408501387,6
1120.0,82,23,0.0,13.997216683584485,7.2088069718333845,5.829268292682927,21.524594302517354,7
1121.0,80,22,0.0,15.707409564175688,7.280293674347948,6.25,21.328944923731296,6
1122.0,81,24,0.0,15.12091466159018,7.1771694150519645,6.45679012345679,21.515804808983837,5
1123.0,80,24,0.0,14.343112277167172,6.786685337027164,6.825,21.256356725495817,4
1124.0,81,24,0.0,13.871762460307218,6.537756276585775,7.0246913580246915,21.48897054799154,5
1125.0,81,24,0.0,14.013517765224202,6.52124239814082,7.320987654320987,21.997638537394575,4
1126.0,81,25,0.0,14.004593562696352,6.404309387441346,6.555555555555555,22.512771721346628,3
1127.0,81,24,0.0,13.898969276668504,6.301661114897924,5.802469135802469,23.033215835470152,3
1128.0,81,23,0.0,16.077338475314903,6.104159020569634,5.074074074074074,23.025598675234352,3
1129.0,80,24,0.0,15.145586858666501,5.969851713628428,4.55,23.32318489871612,2
1130.0,78,22,0.0,15.130939833377488,5.7187746192220885,4.089743589743589,23.46454834107747,1
1131.0,77,23,0.0,16.577509249816647,5.579938878706406,3.6363636363636362,23.568390778593617,2
1132.0,77,21,0.0,15.684004880415143,5.373067232652052,3.155844155844156,23.625588477969586,3
1133.0,78,20,0.0,14.53751154166216,5.3766518625659305,2.628205128205128,23.901931789438233,4
1134.0,78,22,0.0,14.389688856088355,5.20002132999497,2.217948717948718,23.65208438290786,5
1135.0,77,21,0.0,13.607442454295233,5.177996914782817,1.9350649350649352,24.250940614068256,5
1136.0,76,21,0.0,13.361725746048615,5.111301203079601,1.986842105263158,24.86097054421212,5
1137.0,76,22,0.0,13.786860660143653,5.402089038025099,2.0789473684210527,25.439461715610285,4
1138.0,76,20,0.0,13.44043967765756,5.643758620827043,1.9473684210526316,26.001178835035873,3
1139.0,76,21,0.0,13.54539704460185,5.657881555395691,1.9078947368421053,26.55998482009899,2
1140.0,74,22,0.0,13.805781318200752,5.5626871590800615,2.0405405405405403,26.90012198821901,0
1141.0,76,23,0.0,13.600619395123795,5.497587104384399,2.1710526315789473,26.74560367267546,2
1142.0,76,21,0.0,14.230799436024068,5.615401976703299,2.4078947368421053,27.312101948402972,2
1143.0,76,22,0.0,14.149632965274765,5.602209689548392,2.6842105263157894,27.358386556035242,3
1144.0,75,23,0.0,13.593043654668145,5.547859245965503,2.96,27.536638180993336,4
1145.0,75,23,0.0,13.827052343394286,5.705978736933891,3.2666666666666666,28.104204495308306,4
1146.0,74,23,0.0,14.27631266698209,5.998982342899913,3.6216216216216215,28.753355256823834,4
1147.0,75,26,0.0,14.60528462679427,6.088327909758653,3.8933333333333335,28.596979446731943,4
1148.0,74,26,0.0,15.516971177444034,6.008474788864899,4.283783783783784,28.709756660468372,5
1149.0,74,26,0.0,14.75647480536642,6.182847173077399,4.635135135135135,29.243621062163214,4
1150.0,75,28,0.0,14.791745404353975,6.17227900258588,4.933333333333334,29.37037454141843,4
1151.0,75,27,0.0,14.781026548495689,6.206389259761321,5.293333333333333,29.904845848983015,4
1152.0,74,28,0.0,14.494839767482304,6.350554174153228,5.743243243243243,30.09717405808939,4
1153.0,74,30,0.0,14.144046446307733,6.3107586609090305,6.135135135135135,29.822973205372353,3
1154.0,73,30,0.0,15.284971200464465,6.306511853141883,6.63013698630137,30.050509779251414,2
1155.0,75,33,0.0,14.357829641200773,6.234153327083933,6.866666666666666,29.756491964214238,4
1156.0,75,32,0.0,14.909956517526558,6.178269845345545,7.293333333333333,30.28903202249393,3
1157.0,76,34,0.0,14.59867492878592,6.074224375247477,7.631578947368421,30.418436049264635,4
1158.0,75,34,0.0,15.217150024766275,5.72988520833534,8.173333333333334,29.990950633322726,5
1159.0,75,35,0.0,14.940268988627182,5.681276107474079,8.626666666666667,29.80039975235272,5
1160.0,73,35,0.0,15.022760475815891,5.509634275476412,9.342465753424657,29.7788591458926,5
1161.0,75,38,0.0,14.402226534688532,5.355227043669365,9.56,28.824493301973508,6
1162.0,76,36,0.0,14.919034322437517,5.3608250613413455,9.894736842105264,29.02722752466616,7
1163.0,74,36,0.0,13.895895642481863,5.284499250974171,10.64864864864865,29.261703305743687,6
1164.0,77,40,0.0,14.930490317444935,5.111609337098456,10.714285714285714,28.69360118537887,8
1165.0,77,38,0.0,15.174728388414504,5.1450201868407035,11.194805194805195,28.72497820683664,8
1166.0,77,37,0.0,15.142867603437761,5.401976752731997,11.675324675324676,29.317323132829777,8
1167.0,79,41,0.0,15.012071884079623,5.453161529830415,11.873417721518987,29.137963477854136,7
1168.0,77,39,0.0,15.679651423427275,5.424219246696983,12.688311688311689,29.36720031072889,6
1169.0,77,41,0.0,15.621996831940486,5.304359907279912,13.194805194805195,28.67387673853806,8
1170.0,78,41,0.0,16.527618250716476,5.267047098821819,13.525641025641026,28.377454205027522,7
1171.0,76,37,0.0,15.200857059727422,5.1511621124589455,13.18421052631579,28.57489398207538,6
1172.0,76,36,0.0,14.779607982537708,5.106215683424199,12.486842105263158,28.69702374815439,7
1173.0,77,35,0.0,16.697028809366746,5.221969382385118,11.64935064935065,28.91315706549555,6
1174.0,76,33,0.0,14.674698269926012,5.353926646893687,11.131578947368421,29.458467018916927,6
1175.0,77,33,0.0,15.433479479490778,5.409638219608318,10.324675324675324,29.066618705143142,6
1176.0,78,32,0.0,15.820536617538892,5.409827492327133,9.525641025641026,28.86788160546901,6
1177.0,78,28,0.0,14.807794159045443,5.535814033399103,8.846153846153847,29.441762564866533,6
1178.0,79,28,0.0,15.963951730984263,5.811533712131573,8.063291139240507,29.614965861326542,6
1179.0,81,29,0.0,16.165585680142975,5.837185976144623,7.222222222222222,29.4104327952356,7
1180.0,80,26,0.0,16.456161146447993,6.014664579436895,6.6875,29.918053468797098,7
1181.0,80,26,0.0,16.6874263999518,6.1679054351856974,6.5125,30.065646290074522,6
1182.0,81,27,0.0,13.813505631499016,5.985200948448005,5.802469135802469,29.513280805971515,7
1183.0,80,23,0.0,13.764893755060621,6.202682544703348,5.7125,30.122983570843836,7
1184.0,80,23,0.0,13.608720458787866,6.244187868767578,5.0875,30.01739715675719,8
1185.0,79,20,0.0,13.809232090460137,6.458544190117725,4.556962025316456,30.547173193435153,6
1186.0,81,21,0.0,13.880600753915497,6.686774914005161,3.888888888888889,30.265530490954983,8
1187.0,79,17,0.0,13.744866030314748,6.652588844376909,3.4050632911392404,31.157324608266745,7
1188.0,80,18,0.0,13.834721372439526,6.722522115609527,2.8125,31.245300496051023,5
1189.0,81,18,0.0,13.812474693942079,6.7930858354832,2.308641975308642,31.33827473022494,6
1190.0,83,19,0.0,13.646319551020884,6.8281561917845535,2.180722891566265,31.042427010401244,6
1191.0,85,18,0.0,13.886155873863027,6.707127874211805,1.988235294117647,30.787130194409933,8
1192.0,85,15,0.0,13.871499815117568,6.831026908027851,1.7176470588235293,31.27044113017364,6
1193.0,86,17,0.0,14.181476363197312,6.7944742417124395,1.5813953488372092,31.38196638096827,7
1194.0,87,17,0.0,13.796688321954571,6.802599318897342,1.4597701149425288,31.434330617441532,8
1195.0,87,16,0.0,13.940255715992185,7.126284112823796,1.5747126436781609,31.897772363431933,7
1196.0,89,18,0.0,13.856842103759162,7.188702604735105,1.4719101123595506,31.621920007358007,7
1197.0,87,14,0.0,14.817617153685855,7.277616074084945,1.4252873563218391,31.066706532394665,5
1198.0,89,16,0.0,13.702153714122687,7.136835815499259,1.5168539325842696,30.815229686642606,7
1199.0,89,18,0.0,13.724796484550462,7.102921022032571,1.7078651685393258,30.478813952630176,7
1200.0,89,15,0.0,13.889436560543254,7.40161925391617,1.8202247191011236,30.92618750802831,5
1201.0,91,19,0.0,14.334268527205445,7.321456580807299,1.967032967032967,30.677218168572775,7
1202.0,91,18,0.0,14.350348594512175,7.392586364871018,2.1538461538461537,30.344809560765377,6
1203.0,90,19,0.0,13.873373545566574,7.33548856875217,2.388888888888889,30.22842080963928,6
1204.0,88,19,0.0,14.58978012528491,7.303161804484542,2.659090909090909,29.688347890675583,4
1205.0,87,20,0.0,14.29383328355138,7.276911569235467,2.9195402298850577,29.55727205345795,3
1206.0,87,22,0.0,13.928698699204364,7.235133958887019,3.160919540229885,29.26842190221756,4
1207.0,88,24,0.0,13.834951226925478,7.026396957897301,3.375,28.47664823183001,4
1208.0,86,24,0.0,13.859041896159761,6.930921216761836,3.7325581395348837,28.034648164931816,3
1209.0,86,24,0.0,14.714802662373774,6.980197360567118,4.011627906976744,28.50487694566258,3
1210.0,88,29,0.0,14.206560580415994,6.495130197574546,4.204545454545454,26.75191634593189,7
1211.0,88,26,0.0,13.850471041840501,6.574949498852508,4.5,27.255392575130646,7
1212.0,87,27,0.0,13.824645273946226,6.556248307709517,4.862068965517241,27.419474448398585,6
1213.0,88,31,0.0,13.699596681375988,6.146189214527922,5.125,26.120434234765526,7
1214.0,88,30,0.0,13.891634733509273,5.988199436078051,5.454545454545454,25.91522038196339,8
1215.0,88,31,0.0,13.882453308883123,5.818846904972477,5.795454545454546,25.69146827601535,9
1216.0,90,32,0.0,13.602885241131299,5.540411320804704,5.111111111111111,25.678610789977174,7
1217.0,91,31,0.0,13.79039908174891,5.422795036369878,4.648351648351649,25.97469460136812,8
1218.0,90,30,0.0,13.858740785019473,5.434432903370034,4.377777777777778,26.12847466537287,8
1219.0,90,31,0.0,13.759204687760212,5.42352079142904,4.1,26.080067258206515,6
1220.0,90,33,0.0,13.710350122163073,5.386182430129778,3.8777777777777778,25.932638598864852,6
1221.0,89,31,0.0,13.449240686465055,5.477239372314668,3.6853932584269664,26.240402474179515,5
1222.0,89,30,0.0,15.337181118123851,5.590773730369581,3.49438202247191,26.817229269079448,3
1223.0,88,30,0.0,13.854216993995943,5.604198636442923,3.352272727272727,26.968086217704208,2
1224.0,88,30,0.0,13.894160747504793,5.686038735427704,3.1931818181818183,27.53630950580821,2
1225.0,88,33,0.0,14.010643977571897,5.561821794558437,3.3295454545454546,27.35683879917134,2
1226.0,86,32,0.0,14.355884048242741,5.372317174708411,3.511627906976744,27.26191794881575,1
1227.0,87,32,0.0,13.741032483498566,5.397418672686968,3.3563218390804597,27.52717037401727,2
1228.0,87,33,0.0,15.255858026764043,5.3278058429914585,3.264367816091954,27.50814979059414,3
1229.0,87,31,0.0,14.40673504899504,5.255907799112296,3.1839080459770117,27.586612025882136,4
1230.0,87,31,0.0,15.073871519176908,5.349905206797232,3.1379310344827585,28.18290783152632,4
1231.0,86,33,0.0,14.823125731123298,5.0516714984353905,3.1744186046511627,27.838143857718936,4
1232.0,85,31,0.0,13.52368795904331,4.99627330078531,3.2,28.019859349833457,4
1233.0,87,33,0.0,15.194450350261912,4.971570765166907,3.1494252873563218,27.977535859633388,5
1234.0,85,29,0.0,15.272859405160569,4.995394034264826,3.235294117647059,28.025260486242505,4
1235.0,87,31,0.0,14.26768718160937,5.080915121559497,3.2413793103448274,27.97413407141456,5
1236.0,86,31,0.0,15.21740017234596,5.165306876132701,3.5348837209302326,27.763459922354635,6
1237.0,86,30,0.0,13.677862590155565,5.505160155230069,3.744186046511628,28.345153564553357,5
1238.0,86,29,0.0,14.930262005368865,5.622016255643419,3.872093023255814,28.381380981392848,6
1239.0,87,29,0.0,15.22951474165792,5.716374486982086,3.9770114942528734,28.2840058737062,6
1240.0,87,27,0.0,13.724480266077444,5.908386102253645,4.2298850574712645,28.222185658958548,7
1241.0,88,27,0.0,13.893707924615592,6.111149295378758,4.4772727272727275,28.433539829825392,6
1242.0,90,30,0.0,14.583452244489983,6.274525974348616,4.688888888888889,28.31050817316655,7
1243.0,90,29,0.0,14.790068935193439,6.282997545264319,5.0,28.301323718729186,8
1244.0,92,31,0.0,13.834108050587364,6.266212058195243,5.206521739130435,28.189840464772352,9
1245.0,91,30,0.0,13.577587306476198,6.235244769971939,5.582417582417582,28.0124451331955,8
1246.0,91,32,0.0,13.294793013716117,6.336223423834621,5.923076923076923,28.08758325019787,8
1247.0,94,34,0.0,13.605312172649429,6.438697020903833,6.0638297872340425,27.67861306581683,10
1248.0,93,32,0.0,13.733119541173801,6.580234694194597,6.473118279569892,28.042164857555925,8
1249.0,94,34,0.0,14.97540796302011,6.671220150559581,6.74468085106383,27.782722094117858,9
1250.0,95,33,0.0,14.502339905320982,6.836387497835201,7.010526315789473,27.97143502421713,8
1251.0,96,33,0.0,14.128974921402836,6.830427247219927,7.270833333333333,28.161037022785468,8
1252.0,98,34,0.0,13.63351468558641,6.742872518499915,7.448979591836735,28.05796368405612,9
1253.0,97,34,0.0,14.38888775695333,6.709376491778262,7.865979381443299,28.03717064524564,7
1254.0,98,35,0.0,13.887787473131903,6.7672454627930305,8.13265306122449,28.235374374485083,8
1255.0,98,36,0.0,13.846271343389526,6.730463742287264,8.479591836734693,27.86510834174992,8
1256.0,97,34,0.0,13.810815574112349,6.937861157409506,8.917525773195877,28.203690403724405,7
1257.0,98,36,0.0,13.723239466059022,6.732663188309781,9.173469387755102,27.928939199567964,8
1258.0,99,37,0.0,13.900633173793494,6.554531223145229,9.434343434343434,27.72698331779801,8
1259.0,98,35,0.0,14.128681180859417,6.454400932353052,9.887755102040817,28.094827902221365,7
1260.0,99,38,0.0,13.937566245960943,6.206998251905064,10.151515151515152,27.936391420358724,8
1261.0,98,38,0.0,13.761857787328816,5.877706966782391,9.724489795918368,27.961141605200268,7
1262.0,100,38,0.0,14.161051166663379,5.7330081406528075,9.02,27.952825705728547,9
1263.0,98,36,0.0,13.817432804475539,5.519319966675095,8.693877551020408,28.37894205002523,7
1264.0,98,34,0.0,13.869474258716219,5.659813213776267,8.183673469387756,28.953494977466825,5
1265.0,98,34,0.0,13.851579952961766,5.590223387293311,7.663265306122449,29.141034755775323,6
1266.0,98,34,0.0,13.513477292153299,5.568762775808271,7.163265306122449,29.721673564690054,4
1267.0,99,34,0.0,13.853224470140413,5.306424113442414,6.606060606060606,29.60736303512313,5
1268.0,99,34,0.0,13.472659062803723,5.179496361270507,6.1313131313131315,29.50916839740548,5
1269.0,99,34,0.0,13.660376283316873,5.1180876414070795,5.6767676767676765,29.732057948439056,6
1270.0,97,33,0.0,13.863242882979103,5.206708390652817,5.34020618556701,30.138114512557934,6
1271.0,99,35,0.0,14.200904651016312,5.1412795329835035,4.818181818181818,30.117027925826,7
1272.0,98,35,0.0,13.881143488781527,4.971297817604087,5.214285714285714,30.259823557361653,8
1273.0,97,35,0.0,13.816708189533323,5.038086093600042,4.855670103092783,30.824243708938504,6
1274.0,97,36,0.0,13.517891213623807,4.980869507905188,4.474226804123711,31.068569776002644,5
1275.0,96,37,0.0,13.63343405709602,5.00906219064527,4.21875,31.644513694879976,4
1276.0,97,39,0.0,13.87791224939283,4.963075656879466,4.247422680412371,31.550841955752784,6
1277.0,97,38,0.0,13.686761964664488,4.950969310505824,3.9896907216494846,31.81360957030117,5
1278.0,96,36,0.0,14.83734383962738,5.048355652906602,3.8125,32.42673537693032,4
1279.0,97,40,0.0,14.253417367466415,4.9188452975308214,3.6804123711340204,31.98943535100063,7
1280.0,98,37,0.0,14.370320067509699,4.9963231034529345,3.6122448979591835,32.26944420870437,7
1281.0,98,38,0.0,13.881190426042304,5.11919199373007,3.7857142857142856,32.56872065135848,8
1282.0,98,37,0.0,13.695003283186816,5.141059937653265,3.9489795918367347,32.89462845727114,7
1283.0,99,38,0.0,13.630958730564453,5.219803957837927,4.101010101010101,32.84789881786983,8
1284.0,98,35,0.0,13.647403164743446,5.27493091395005,4.173469387755102,33.50738710652979,8
1285.0,100,37,0.0,13.812345581920818,5.452196632174189,4.14,33.40406897489689,7
1286.0,100,35,0.0,13.667874093726278,5.478577150693924,4.23,33.987421008013534,6
1287.0,102,35,0.0,13.8207232697634,5.520030632009139,4.235294117647059,33.881281151535816,7
1288.0,104,35,0.0,13.844811567896977,5.590398836413429,4.288461538461538,33.783631283150484,8
1289.0,104,32,0.0,13.882426126720384,5.8258268994901625,4.4326923076923075,34.33737493011691,6
1290.0,104,32,0.0,13.731983880954795,5.852982441232315,4.605769230769231,33.95127517399011,7
1291.0,104,34,0.0,13.68933892713394,5.847400982189004,4.8076923076923075,33.56633928810265,6
1292.0,107,36,0.0,13.784533780743368,5.7869064957832865,4.981308411214953,33.15229242309028,9
1293.0,107,34,0.0,13.768410289287567,5.774666564440811,5.186915887850467,32.95617469092159,8
1294.0,106,34,0.0,13.785821067792313,5.821792038254332,5.5,33.131084091671454,6
1295.0,108,36,0.0,13.632212930102833,5.736533452090066,5.666666666666667,32.35004776578545,9
1296.0,107,34,0.0,13.903453502662497,5.624284604078022,6.009345794392523,31.609041611178302,9
1297.0,105,35,0.0,13.372334661150287,5.541588110633088,6.447619047619048,30.614439000676587,9
1298.0,104,34,0.0,13.712315811170265,5.667600485603182,6.836538461538462,30.589006480830484,6
1299.0,106,37,0.0,13.661144548654557,5.523605115673759,7.028301886792453,29.956385175884165,8
1300.0,105,35,0.0,13.778131855925494,5.629931510993036,7.428571428571429,29.937416360609443,8
1301.0,107,37,0.0,13.51744481511414,5.523449212157377,7.616822429906542,29.93267775811495,7
1302.0,108,37,0.0,13.549404151714407,5.639792534855151,7.87037037037037,29.459487034840443,8
1303.0,107,37,0.0,13.114952624635771,5.706321703816599,8.289719626168225,29.67129779138563,7
1304.0,109,39,0.0,13.31819387276291,5.605841571866426,8.477064220183486,29.677843448516334,9
1305.0,111,40,0.0,13.713026608433575,5.434894249572073,8.666666666666666,29.707337023886367,8
1306.0,110,38,0.0,13.674219400133007,5.309108343401742,8.290909090909091,29.86326275625901,8
1307.0,110,39,0.0,13.86687787026167,5.223863537247601,7.845454545454546,29.957788862144856,7
1308.0,112,42,0.0,13.55156549459789,5.050880997423012,7.330357142857143,29.355533424929288,8
1309.0,112,39,0.0,13.759212658600882,4.954460859516636,6.946428571428571,29.511560463637778,9
1310.0,112,40,0.0,13.361710607982241,4.837679047827584,6.571428571428571,29.005630424760586,9
1311.0,114,42,0.0,13.799455295759254,4.917545068236546,6.114035087719298,29.104712360995332,9
1312.0,112,38,0.0,13.757531719608233,4.907316053138317,5.883928571428571,29.174569057352933,9
1313.0,113,39,0.0,13.37835906636411,4.84591618438586,5.477876106194691,29.06034741715789,10
1314.0,115,40,0.0,13.497680178121664,4.84260834071062,5.069565217391304,29.165033542497078,9
1315.0,114,39,0.0,13.833151737437584,4.85452139862317,4.824561403508772,29.601066432083222,8
1316.0,115,42,0.0,13.636066788434983,4.6467839112215685,4.808695652173913,29.472259938045703,8
1317.0,115,42,0.0,13.811536449217238,4.432640394635214,4.547826086956522,29.126725387798935,8
1318.0,114,40,0.0,13.27524595076684,4.473665321769085,4.368421052631579,29.626720607556134,8
1319.0,116,43,0.0,13.778947674646043,4.2490377683630385,4.086206896551724,29.404825228579394,9
1320.0,117,40,0.0,13.809622801700607,4.230761756341408,3.8803418803418803,29.822404805196733,8
1321.0,117,40,0.0,13.89916752090212,4.364224456426471,3.735042735042735,30.49090396433732,8
1322.0,121,47,0.0,13.786418711859733,4.328771617097105,3.9669421487603307,30.11858588972402,10
1323.0,120,43,0.0,13.71095681374427,4.353683722623712,3.8833333333333333,30.59076410602425,8
1324.0,120,43,0.0,13.621642985139571,4.4073480061016514,3.841666666666667,31.258885358622134,8
1325.0,122,48,0.0,13.944239174030319,4.216687891720962,3.9672131147540983,30.70755442994557,9
1326.0,122,45,0.0,14.584072405859425,4.346641311883466,3.959016393442623,31.382967910154616,8
1327.0,119,44,0.0,15.239444662738189,4.316278712039612,4.067226890756302,31.816389120465125,8
1328.0,123,51,0.0,14.613049130575329,4.172601226008945,4.0,31.436570819683464,8
1329.0,123,47,0.0,14.630621241489955,4.251436439273612,4.260162601626016,32.11773876284631,8
1330.0,124,48,0.0,13.844843408619582,4.382146862242991,4.306451612903226,32.52102475126039,9
1331.0,126,50,0.0,15.15747941631411,4.338279696869853,4.436507936507937,32.42001594152575,8
1332.0,125,48,0.0,13.75986307298299,4.381452048184818,4.568,32.724924946433426,8
1333.0,127,51,0.0,15.012002944774524,4.274952392560399,4.6141732283464565,32.44966062184124,11
1334.0,127,51,0.0,15.41167338710797,4.2342163819574505,5.0078740157480315,32.515981517057035,8
1335.0,126,54,0.0,13.712172864796594,4.198334551642745,5.214285714285714,32.522153815616214,9
1336.0,128,55,0.0,13.871249005873688,4.094129484180112,5.3125,32.25129898934769,11
1337.0,128,54,0.0,13.706543406448327,4.122683368585757,5.5078125,32.333305649840796,9
1338.0,129,54,0.0,13.602514242380858,4.138264770473714,5.682170542635659,32.761738905774564,10
1339.0,129,56,0.0,13.730769287305884,4.018585507952202,6.007751937984496,32.395579625818165,9
1340.0,130,56,0.0,13.365265958144166,4.0567341580785365,6.1923076923076925,32.8319433736352,9
1341.0,130,54,0.0,13.884295048756076,4.1677436565734,6.461538461538462,33.51714664127902,8
1342.0,132,59,0.0,14.764650890164535,4.132998249756206,6.712121212121212,33.68212933620299,7
1343.0,133,56,0.0,15.824608578369952,4.192884175314067,6.947368421052632,34.10045716288274,7
1344.0,133,56,0.0,16.32377808294259,4.214547784136303,7.30827067669173,34.352861974946094,7
1345.0,130,57,0.0,16.6030855323188,4.164781061841504,7.8076923076923075,34.43942678840529,5
1346.0,131,56,0.0,15.169122391544029,4.215367531370302,8.007633587786259,34.84599984131112,5
1347.0,132,58,0.0,14.43694664800381,4.251586270389834,8.363636363636363,35.25209900343133,6
1348.0,129,57,0.0,13.472619788998069,4.136687489939887,8.937984496124031,35.411407213101526,4
1349.0,129,56,0.0,13.792801889101975,4.192623974908616,9.317829457364342,36.093867838289476,3
1350.0,129,61,0.0,14.007602264123966,4.0533538970672645,9.775193798449612,35.8804827887846,4
1351.0,127,58,0.0,13.84922771921847,3.868860894030995,9.637795275590552,36.272709526030326,4
1352.0,128,57,0.0,13.200602568147966,3.918024607240923,9.265625,36.68346128806341,4
1353.0,129,58,0.0,13.643199625285343,3.869604350499889,8.922480620155039,36.69555362684508,5
1354.0,129,56,0.0,13.569431854737923,3.958047524607831,8.705426356589147,37.39644160118861,5
1355.0,128,57,0.0,13.823992326133885,3.9204324069351975,8.5625,37.51775818663921,6
1356.0,129,57,0.0,13.872346230526455,3.954971898239654,8.30232558139535,37.92124071502368,5
1357.0,130,58,0.0,13.833812294621021,3.938709366080712,8.046153846153846,37.936910319897656,7
1358.0,131,57,0.0,13.85415793472116,3.963861806152797,7.816793893129771,38.34206960871421,7
1359.0,131,59,0.0,15.523982878029345,4.010764858502957,7.969465648854962,38.664414127044836,6
1360.0,130,59,0.0,14.71263782964088,3.9316762910109273,7.884615384615385,38.77109791688779,7
1361.0,130,58,0.0,15.190956918895244,3.9186847310984456,7.7384615384615385,39.11181225880033,7
1362.0,131,60,0.0,16.64919113549404,3.978653208548367,7.564885496183206,39.50723918419984,7
1363.0,131,62,0.0,13.420325852674432,3.790507437906463,7.740458015267175,39.53722820982872,7
1364.0,131,60,0.0,13.693349299347028,3.795477290953804,7.633587786259542,40.2465217483733,6
1365.0,133,62,0.0,13.748050754400902,3.747054956198926,7.421052631578948,40.341804425719275,7
1366.0,133,60,0.0,13.686101641206488,3.737919478423994,7.315789473684211,40.64710086462137,7
1367.0,133,60,0.0,13.645526228686586,3.7573188373986763,7.2330827067669174,40.97845344391013,7
1368.0,131,59,0.0,13.574710435564421,3.7644150099951594,7.519083969465649,41.63918639507886,6
1369.0,132,62,0.0,13.860238813073375,3.759036045066611,7.659090909090909,42.024148226467645,5
1370.0,131,60,0.0,13.892358889081516,3.6877534876574356,7.625954198473282,42.77139407651602,5
1371.0,131,61,0.0,13.54779825694859,3.65311640578199,7.541984732824427,43.09515419904966,4
1372.0,131,61,0.0,13.479624008038082,3.651771191659405,7.450381679389313,43.56247778450608,4
1373.0,132,60,0.0,13.775155125744641,3.7183305665953212,7.287878787878788,43.936421689274304,4
1374.0,132,58,0.0,13.678962479555048,3.840018748567419,7.204545454545454,44.63826033291078,4
1375.0,132,59,0.0,13.794263929803856,3.8086694238927303,7.128787878787879,44.9477250912592,4
1376.0,132,60,0.0,13.541612960639656,3.882704400866182,7.340909090909091,45.416245161107426,5
1377.0,130,58,0.0,13.318607182502925,3.771687541940101,7.415384615384616,45.49861372444922,4
1378.0,131,57,0.0,13.363725037057884,3.750804751953554,7.297709923664122,45.85736273074818,4
1379.0,131,60,0.0,13.66960656303426,3.730013887702086,7.4961832061068705,45.8598013193111,4
1380.0,131,58,0.0,13.511590439293073,3.7892784360421636,7.687022900763359,46.56955535618393,4
1381.0,132,59,0.0,13.388506131339819,3.782215376789388,7.590909090909091,46.21726011849581,5
1382.0,132,57,0.0,13.412708836933598,3.966514643166574,7.5606060606060606,46.909806022917586,4
1383.0,133,57,0.0,13.883141779550352,4.062512713511101,7.473684210526316,47.23948344100177,5
1384.0,131,57,0.0,13.445143293104858,4.063490174894098,7.816793893129771,47.39258018134886,4
1385.0,132,58,0.0,13.880053606675938,4.078330928461948,7.75,47.71643279132669,4
1386.0,131,58,0.0,13.364505318467751,4.0544053115548335,8.038167938931299,47.431649365388836,5
1387.0,131,57,0.0,13.725247271387056,4.18794293308606,8.038167938931299,48.10915384359717,3
1388.0,131,59,0.0,13.750723055657,4.179437755092137,8.221374045801527,48.273464750163576,4
1389.0,131,59,0.0,13.627907232707367,4.144320211341111,8.427480916030534,48.421930954035474,4
1390.0,130,58,0.0,13.779198917653412,4.245405628401236,8.507692307692308,48.85480874014971,4
1391.0,130,57,0.0,14.487388813348419,4.2386335038872005,8.515384615384615,48.816438130079305,4
1392.0,129,56,0.0,13.331916042114608,4.131791232554862,8.5968992248062,48.83229866657928,4
1393.0,129,56,0.0,13.67793960168492,4.123466962425224,8.813953488372093,48.81974017205611,5
1394.0,129,55,0.0,13.853463987563737,4.2650018406849455,9.062015503875969,49.491985244566656,4
1395.0,128,58,0.0,13.879478967143223,4.203271398469821,9.5859375,50.08167012372861,3
1396.0,128,58,0.0,13.685164429922589,4.013085896605714,9.3203125,49.35042490054586,5
1397.0,128,57,0.0,13.294327136988112,3.953216415842356,9.0859375,50.04434741197893,4
1398.0,130,59,0.0,12.965771813544503,3.8398651082248003,8.73076923076923,49.96497861819309,5
1399.0,130,60,0.0,13.542727507976815,3.758347621715551,8.53076923076923,49.50218656510176,6
1400.0,129,58,0.0,13.616828077100218,3.781252521878138,8.4031007751938,50.067373832172755,6
1401.0,131,62,0.0,13.465203247917675,3.7497062333406928,8.114503816793894,49.52092335825101,9
1402.0,131,61,0.0,13.456141127243557,3.700008100540228,7.977099236641221,49.75105390366616,8
1403.0,132,60,0.0,13.43674979833886,3.6873636146860536,7.78030303030303,50.08038937974883,9
1404.0,132,61,0.0,13.458708788594231,3.6049805733154088,7.962121212121212,50.12543778074137,8
1405.0,132,60,0.0,13.379045967222192,3.558364887433311,7.833333333333333,50.39604725424257,7
1406.0,132,61,0.0,13.660042525362224,3.550584818502633,7.7272727272727275,50.44385810665352,8
1407.0,134,65,0.0,13.68708258131519,3.5574192149146193,7.798507462686567,50.403852103493996,7
1408.0,133,64,0.0,13.474277104570449,3.4523272448253564,7.7894736842105265,50.45000101277222,7
1409.0,132,64,0.0,13.446611634228436,3.4027821997813774,7.795454545454546,51.13691878395866,6
1410.0,133,66,0.0,13.587889455694624,3.343637492205064,7.684210526315789,51.040223350675255,7
1411.0,134,65,0.0,13.464623013734178,3.3740215902103605,7.58955223880597,51.38928158542007,7
1412.0,135,65,0.0,14.17413938003102,3.4134706883961625,7.488888888888889,51.73620406718826,7
1413.0,134,65,0.0,14.47903679795073,3.3831404358971238,8.029850746268657,52.29856147630625,5
1414.0,133,68,0.0,13.736672431807394,3.282234958958504,8.045112781954888,52.63108985342206,5
1415.0,133,66,0.0,13.751169703877531,3.4202613247756157,8.015037593984962,53.37005829501331,5
1416.0,132,67,0.0,14.106658867283787,3.467100705502547,8.045454545454545,54.11211339169037,3
1417.0,132,68,0.0,13.659403055999428,3.3644587796623258,8.022727272727273,53.675610025967714,4
1418.0,131,66,0.0,14.045087139441662,3.3785803303119892,8.076335877862595,54.42728141015087,3
1419.0,131,65,0.0,13.881401212796277,3.4894244646654213,8.068702290076336,55.160437298479565,3
1420.0,133,66,0.0,13.050987468194217,3.468734926748182,7.932330827067669,55.05426322936095,4
1421.0,133,65,0.0,13.801570971589536,3.5328972696745726,8.18796992481203,55.78445628584924,4
1422.0,133,65,0.0,13.438757917528376,3.471182494206538,8.172932330827068,55.77828704583673,5
1423.0,133,65,0.0,13.725545470463112,3.5280278678023307,8.38345864661654,55.884441558414906,4
1424.0,134,64,0.0,14.221265526436955,3.6242585055620617,8.291044776119403,56.1842033023001,5
1425.0,133,62,0.0,13.72344803666369,3.667307193060088,8.586466165413533,56.70950689443181,5
1426.0,133,63,0.0,13.678185102739372,3.683508133060216,8.556390977443609,56.69192225109762,4
1427.0,133,63,0.0,13.612971628759988,3.712975049020637,8.556390977443609,56.7789263303657,5
1428.0,133,63,0.0,14.013822084241301,3.83012628574132,8.766917293233083,57.48858376109431,4
1429.0,134,64,0.0,14.482824341319256,3.8604728879641477,8.694029850746269,57.755828536431224,4
1430.0,135,63,0.0,13.806347137875855,3.8786413864804645,8.637037037037038,58.02391194273153,4
1431.0,133,61,0.0,13.650568163348362,3.8601795803801027,8.774436090225564,58.278714640186585,4
1432.0,133,62,0.0,13.871418692484763,3.7918510206534872,8.789473684210526,58.3637583985586,4
1433.0,133,61,0.0,13.705671612732113,3.870642839794814,8.796992481203008,58.484611121650616,4
1434.0,132,60,0.0,14.144394867198878,3.881534244836033,8.871212121212121,58.19409586812492,5
1435.0,132,59,0.0,15.348239251186477,4.056873814806108,9.098484848484848,58.89188049823898,4
1436.0,133,60,0.0,13.86371517447509,4.128227770702666,9.045112781954888,59.133711327279705,4
1437.0,133,60,0.0,14.413334675512614,4.147220060287961,9.090225563909774,59.08126772969337,5
1438.0,133,60,0.0,13.715974001686426,4.117056103646851,9.338345864661655,59.14745410818066,5
1439.0,132,59,0.0,15.176499789471144,4.168244695752333,9.659090909090908,59.69157274822271,4
1440.0,133,65,0.0,14.054835943884553,4.134755545870593,10.06015037593985,59.1941426495074,5
1441.0,132,62,0.0,15.061623088533397,3.9325122347227564,9.719696969696969,59.02303705014291,6
1442.0,133,59,0.0,15.618873645278962,3.9490888124133954,9.233082706766917,59.27774771538421,6
1443.0,132,60,0.0,14.101155337488615,3.890564001643634,9.090909090909092,59.12441611701752,6
1444.0,132,60,0.0,13.444060293879916,3.856054882897322,8.893939393939394,59.200170735177146,6
1445.0,134,61,0.0,13.604485207165302,3.7040490766940626,8.582089552238806,58.41612552003226,9
1446.0,133,59,0.0,13.692300598961463,3.6875843237839896,8.488721804511279,58.879341852656275,7
1447.0,132,58,0.0,13.77631156295538,3.7502102696481234,8.401515151515152,59.43457078073622,6
1448.0,135,61,0.0,14.50565937991009,3.7252367593688342,8.059259259259258,58.81047418284199,8
1449.0,134,58,0.0,13.773264524969273,3.801128776893063,7.962686567164179,59.37245178713788,7
1450.0,135,59,0.0,13.705736308913,3.814916322533529,7.777777777777778,59.64036519163681,7
1451.0,136,62,0.0,13.698000822481179,3.8061441639987135,8.161764705882353,59.218628849942654,6
1452.0,135,61,0.0,13.581850472697989,3.8376336667361945,8.103703703703705,59.81459156574849,6
1453.0,134,60,0.0,13.693802814088823,3.857689664872474,8.044776119402986,60.39405759338532,6
1454.0,137,65,0.0,13.893858340312727,3.859576036413595,7.781021897810219,59.76097981948408,6
1455.0,134,63,0.0,13.388040405137685,3.728074900735206,7.873134328358209,59.89319306740179,6
1456.0,133,63,0.0,14.258578679601074,3.781542627255548,7.842105263157895,60.35686881350628,5
1457.0,133,67,0.0,13.727455489663408,3.7350412940075164,8.338345864661655,60.48080138801451,4
1458.0,132,67,0.0,13.618889806473216,3.6117045468601163,8.325757575757576,60.40739313752943,5
1459.0,132,64,0.0,13.887968185567297,3.7155762453182213,8.257575757575758,61.12515454406774,5
1460.0,131,65,0.0,13.804697053367272,3.5701924394842526,8.251908396946565,61.081167959596165,3
1461.0,132,64,0.0,13.887693512346596,3.684064006478969,8.121212121212121,61.330019670726465,4
1462.0,131,65,0.0,13.577030245518118,3.6958180523744155,8.145038167938932,61.854176258099436,4
1463.0,131,64,0.0,13.604365186975338,3.690586308887572,8.091603053435115,62.12490931350923,4
1464.0,132,62,0.0,13.797469464689494,3.6794339887478613,7.96969696969697,62.36611841795163,4
1465.0,133,62,0.0,13.898558598686941,3.7281197610258876,7.857142857142857,62.60848571792771,5
1466.0,133,62,0.0,13.720154606243849,3.800863388511807,8.082706766917294,63.31812299316668,4
1467.0,134,63,0.0,13.755714778997936,3.81213372196087,7.970149253731344,62.79062625280554,5
1468.0,133,60,0.0,13.498882368649356,3.85241765065246,7.977443609022556,63.024073315172046,5
1469.0,133,60,0.0,13.72242869050242,3.9654343932402307,7.924812030075188,63.721634293429,4
1470.0,135,61,0.0,13.593008592468687,3.9767752460500048,7.7555555555555555,63.46262660695138,5
1471.0,135,58,0.0,13.898238682048396,4.128871829138746,7.696296296296296,64.15062239012792,4
1472.0,135,60,0.0,13.854536018600555,4.236776651923363,8.14074074074074,64.82958791019324,4
1473.0,135,60,0.0,13.693471334967763,4.150754044513478,8.103703703703705,64.56516027438195,3
1474.0,133,60,0.0,13.78972011092119,3.9802946358807914,8.413533834586467,63.87280892267654,4
1475.0,134,60,0.0,13.717318724701181,4.103049174235997,8.313432835820896,64.07925740904423,5
1476.0,133,59,0.0,13.811646750113795,4.122699172092655,8.345864661654135,64.31831913936811,3
1477.0,134,60,0.0,13.886338785500266,4.146356766168019,8.261194029850746,63.76031674082452,5
1478.0,132,56,0.0,13.535334430146031,4.140816817685606,8.363636363636363,63.6956070577206,5
1479.0,132,58,0.0,13.883351898146794,4.292608244293987,8.803030303030303,64.36788518468802,4
1480.0,130,57,0.0,15.247090623159178,4.265352280476607,8.938461538461539,64.31306896135283,3
1481.0,131,59,0.0,15.413923180703335,4.235495558677083,8.900763358778626,63.545838433389235,4
1482.0,130,56,0.0,16.323026574141608,4.361095472017283,9.0,63.94818148838377,4
1483.0,129,56,0.0,14.490123660117073,4.360333002711585,9.085271317829458,64.1607775408765,2
1484.0,129,58,0.0,15.524513753973757,4.382952632459257,9.527131782945736,64.82956947435719,2
1485.0,130,58,0.0,13.921307844380248,4.205623867143808,9.661538461538461,64.27204187600532,4
1486.0,129,57,0.0,13.914447843236534,4.186878544229922,9.488372093023257,64.74222468812312,4
1487.0,129,58,0.0,13.811932609742508,4.205100971253041,9.255813953488373,64.46201198717813,3
1488.0,131,61,0.0,13.84251102290582,4.025334737608251,8.916030534351146,63.38386601088596,6
1489.0,130,57,0.0,13.717536754138738,4.01567683793897,8.784615384615385,63.62645040600503,6
1490.0,130,58,0.0,13.776107492949814,4.003631745002591,8.592307692307692,63.581778913127515,7
1491.0,130,59,0.0,13.737002087268047,3.9355741954516845,8.415384615384616,62.64916178256209,7
1492.0,130,59,0.0,13.877242993111656,3.9469022903323547,8.261538461538462,62.63050751141684,8
1493.0,132,61,0.0,13.782138754590415,3.807600057866624,7.984848484848484,61.457663284510204,10
1494.0,133,61,0.0,14.01827625122022,3.7910873592997163,7.7819548872180455,61.701325413740996,8
1495.0,134,62,0.0,13.643160463636741,3.756679189584905,7.611940298507463,61.953385552228475,9
1496.0,135,60,0.0,13.738700116262772,3.8328761725712606,7.444444444444445,62.20012405106814,9
1497.0,137,64,0.0,13.58660452583798,3.7685376691698496,7.518248175182482,61.32897122942121,10
1498.0,135,61,0.0,13.639907433395274,3.689504157032619,7.533333333333333,61.191458461599865,9
1499.0,135,63,0.0,13.382757250768998,3.6644694218729024,7.444444444444445,61.201874750530045,7
1500.0,134,62,0.0,13.79842627325561,3.6512766143282778,7.41044776119403,61.68556764636131,6
1501.0,133,65,0.0,13.900787672228114,3.56080212530592,7.93984962406015,61.4712854268371,6
1502.0,133,64,0.0,13.89971170568832,3.526912951522433,7.87218045112782,61.54480436184633,6
1503.0,132,61,0.0,13.532956976303831,3.5211219275931476,7.848484848484849,62.29443609797126,3
1504.0,131,64,0.0,13.26110364960041,3.360411674561101,7.8320610687022905,62.13838210114613,4
1505.0,131,63,0.0,13.369529504305683,3.4351693960446914,7.778625954198473,62.88064583286591,3
1506.0,131,63,0.0,13.421299302810803,3.4471741652843626,7.717557251908397,62.70163724204026,4
1507.0,131,63,0.0,13.854275410622359,3.458108215518935,7.931297709923665,63.43862297978166,3
1508.0,131,63,0.0,13.581874879857235,3.399314162318235,7.877862595419847,63.287415514596916,3
1509.0,132,64,0.0,13.804738137265668,3.475610540727919,8.037878787878787,63.53518578677816,4
1510.0,132,62,0.0,12.967373447003775,3.49340237648767,7.984848484848484,64.2676812608223,3
1511.0,133,62,0.0,13.628902121307329,3.520726912920085,7.864661654135339,64.51071031181174,4
1512.0,132,61,0.0,13.738337701628916,3.4861565038534863,7.878787878787879,64.26310027713099,4
1513.0,132,60,0.0,13.437588251638227,3.6153249260278457,7.840909090909091,64.9878739823873,4
1514.0,132,59,0.0,13.415751707716845,3.7061721328436716,7.795454545454546,65.70923661073462,3
1515.0,134,61,0.0,13.076754983956926,3.712282072371593,7.649253731343284,65.43177991896903,4
1516.0,134,60,0.0,13.80033085574396,3.844013189567353,8.097014925373134,66.14315942420852,4
1517.0,133,59,0.0,13.555286574852653,3.9483073423038504,8.1203007518797,66.3575060538317,3
1518.0,133,60,0.0,13.875478087784723,3.9047795920516006,8.082706766917294,65.26972870321734,4
1519.0,132,58,0.0,13.909088052705084,4.008106177450068,8.348484848484848,65.53470854145479,4
1520.0,132,58,0.0,14.684012016200349,3.988889193623533,8.303030303030303,65.3766590563924,5
1521.0,132,58,0.0,13.795742152119056,3.9461903309637885,8.272727272727273,65.15379281202014,4
1522.0,131,58,0.0,13.621699030404613,3.93984827258724,8.549618320610687,65.46940569095611,4
1523.0,132,58,0.0,13.887482959637419,4.03692860585683,8.469696969696969,65.6597335917794,5
1524.0,132,58,0.0,13.60241472588799,3.9836348695149253,8.674242424242424,65.5172018200185,4
1525.0,131,57,0.0,13.872607085481286,4.107205215455508,8.732824427480915,65.85083968844818,4
1526.0,131,58,0.0,13.668561808974482,4.250660358817359,8.977099236641221,66.52929791598369,3
1527.0,130,60,0.0,13.84957297588143,4.008222187001246,9.061538461538461,65.1726456222665,4
1528.0,130,56,0.0,13.354370853300848,4.031970429386581,9.076923076923077,65.86961688841183,4
1529.0,129,57,0.0,14.8450372595032,3.892288806379963,9.178294573643411,65.36244203246653,4
1530.0,130,59,0.0,13.75967300774064,3.8845793277698837,9.553846153846154,65.55852414732323,4
1531.0,129,58,0.0,13.797809086134658,3.889891860634951,9.387596899224807,65.95321633165673,4
1532.0,128,59,0.0,13.442189801577479,3.7196201668665485,9.25,65.40456038471567,5
1533.0,130,63,0.0,13.682405931618996,3.7226509773238576,8.923076923076923,64.18878683587248,6
1534.0,130,61,0.0,13.785908780968748,3.7473104016926424,8.761538461538462,64.90345393330986,6
1535.0,128,60,0.0,13.48596431359183,3.66170253561695,8.71875,64.92864383511748,5
1536.0,130,63,0.0,13.227096050023102,3.615906564361812,8.430769230769231,64.63411737764598,6
1537.0,128,60,0.0,13.592988917347975,3.5665094778477315,8.40625,64.64524748398239,6
1538.0,130,65,0.0,13.393216753806866,3.5173759615767617,8.161538461538461,63.572482991535296,8
1539.0,130,63,0.0,13.081213746704803,3.496033405858481,8.330769230769231,63.50561520257372,6
1540.0,131,65,0.0,13.823357380516983,3.4268693821984963,8.15267175572519,62.828422653500134,8
1541.0,132,63,0.0,13.738563625351526,3.4575019764976362,8.0,63.0744127606692,9
1542.0,131,61,0.0,13.160422453051433,3.5065198558321518,8.244274809160306,63.380203777426765,7
1543.0,132,65,0.0,13.84320875837002,3.508412270970468,8.090909090909092,62.862716658036014,9
1544.0,132,65,0.0,13.598357052053325,3.5006643164496585,8.015151515151516,62.82576982897732,7
1545.0,132,64,0.0,13.705221579270438,3.587904783117308,7.9393939393939394,63.5494062103526,6
1546.0,133,68,0.0,13.691746842558496,3.530464217711243,8.37593984962406,63.030489832713094,6
1547.0,132,68,0.0,13.634653254871779,3.494944265124616,8.378787878787879,62.574554965222845,6
1548.0,132,65,0.0,13.823444417887368,3.6120929901271346,8.325757575757576,63.29742364511899,6
1549.0,132,68,0.0,13.816790872596727,3.509839013826238,8.287878787878787,62.36504658382323,6
1550.0,132,64,0.0,13.7766049714759,3.6267568607893623,8.234848484848484,63.08689208440282,5
1551.0,133,67,0.0,13.304923937854506,3.5744218183898497,8.12781954887218,62.59736572699412,7
1552.0,133,64,0.0,13.519530225860104,3.6212228289409176,8.090225563909774,63.316530702701215,5
1553.0,132,66,0.0,13.831184186600149,3.602129550859199,8.386363636363637,64.03563037206989,4
1554.0,134,67,0.0,13.754089017043412,3.572458030238874,8.238805970149254,63.79201586686905,6
1555.0,134,64,0.0,13.668850190448575,3.7136346723751092,8.470149253731343,64.50960432225732,4
1556.0,135,65,0.0,13.429918828746304,3.803874413756067,8.377777777777778,64.73452067209178,5
1557.0,135,66,0.0,13.802046422111859,3.8822326722151748,8.362962962962962,64.58451137663052,4
1558.0,135,63,0.0,13.809914474468679,3.987197298640782,8.333333333333334,65.28245143917034,4
1559.0,136,63,0.0,13.731806420348585,3.9616980175854803,8.242647058823529,65.49591055213625,5
1560.0,137,64,0.0,13.80679471124895,4.065137887927196,8.394160583941606,65.70406200858999,4
1561.0,136,63,0.0,13.860539338877425,4.010915387553914,8.683823529411764,65.68207378178849,4
1562.0,136,63,0.0,13.76661499843467,4.032527274016161,8.647058823529411,65.2095360251523,4
1563.0,136,62,0.0,13.738841761695221,3.969537041252722,8.617647058823529,65.16219169635833,4
1564.0,136,61,0.0,13.715454212896475,4.037223406052349,8.588235294117647,64.67269926448748,5
1565.0,135,62,0.0,13.829194168232027,3.9810126104360437,8.88888888888889,64.26549915347985,5
1566.0,134,61,0.0,13.742541822581552,4.0576075083591645,8.955223880597014,64.5447406504681,4
1567.0,136,62,0.0,13.409464985871637,4.0901340876075585,8.823529411764707,64.27266546623589,6
1568.0,136,61,0.0,13.799661213974469,4.208919172589847,8.845588235294118,64.95647759648429,5
1569.0,134,60,0.0,13.33527171879208,4.209503848415917,9.0,65.13695547331928,4
1570.0,136,62,0.0,13.642142009665259,4.270429837546658,8.897058823529411,64.84611579270371,5
1571.0,134,60,0.0,13.730794009488857,4.276544243337358,9.238805970149254,64.83736083292877,4
1572.0,133,60,0.0,14.816617249363883,4.351462686464386,9.533834586466165,65.1154055740288,4
1573.0,133,62,0.0,14.036003758215195,4.171159112012829,9.962406015037594,64.1679300939874,4
1574.0,132,61,0.0,13.563888761609654,4.171508509842232,10.083333333333334,64.4661637621615,4
1575.0,131,63,0.0,13.65193603509622,4.202933101295265,10.450381679389313,64.8766919438317,4
1576.0,132,61,0.0,13.960073524029424,4.076384575532995,9.916666666666666,64.32883051406654,4
1577.0,130,58,0.0,16.25752777528679,3.9446154034775907,9.823076923076924,64.37631101240365,4
1578.0,131,63,0.0,15.739082985224293,3.907349981665453,9.534351145038167,63.8364895095843,6
1579.0,132,61,0.0,15.5629771741732,3.89128161256512,9.234848484848484,63.171903767001616,6
1580.0,131,60,0.0,15.158046444567942,3.9110664064227176,9.106870229007633,63.63120728046604,6
1581.0,132,62,0.0,16.112954015789644,3.8472892804959553,8.848484848484848,63.07460332868095,8
1582.0,133,63,0.0,16.37924572545299,3.8968852832897305,8.639097744360901,63.30001029615945,7
1583.0,134,61,0.0,15.26423159883553,3.895424570016028,8.41044776119403,63.52555255389893,8
1584.0,136,63,0.0,15.343591810382993,3.9185345716084443,8.147058823529411,63.28263234321329,8
1585.0,136,64,0.0,16.0016483150349,3.9482501794990013,8.022058823529411,63.152424687622805,7
1586.0,134,63,0.0,15.10575722671775,3.890316708328967,8.022388059701493,63.25962851993054,7
1587.0,135,67,0.0,15.148368568166882,3.9369090221482415,8.170370370370371,63.48625415730719,6
1588.0,134,66,0.0,16.334202602265492,3.8081645624282987,8.126865671641792,63.050568380975555,6
1589.0,133,65,0.0,15.737760334035473,3.800573905128344,8.105263157894736,63.5088835303017,5
1590.0,133,67,0.0,16.362102078429515,3.758795800586308,8.308270676691729,63.37109028399963,4
1591.0,133,68,0.0,14.602174850243234,3.6105411084044796,8.233082706766917,62.510378993714454,5
1592.0,132,66,0.0,14.801290678784342,3.642792718021191,8.234848484848484,63.24267165814308,5
1593.0,132,66,0.0,13.729793678130955,3.557095853522767,8.174242424242424,63.10508845360219,5
1594.0,133,66,0.0,13.746746795827166,3.6223442056962902,8.338345864661655,63.34431032341848,5
1595.0,133,65,0.0,13.738945882590787,3.622613611881683,8.541353383458647,64.06557409469454,5
1596.0,134,66,0.0,13.960770946680869,3.665406857339274,8.41044776119403,64.30179317703889,5
1597.0,134,67,0.0,13.87124041756615,3.5943133123037283,8.365671641791044,64.59922690817126,4
1598.0,133,63,0.0,13.807811626093462,3.634261436847325,8.360902255639099,65.00474006978705,4
1599.0,134,65,0.0,14.331169271612664,3.602946404858901,8.246268656716419,64.7768984418492,5
1600.0,133,63,0.0,13.881348131899722,3.611908106251114,8.263157894736842,65.07702172278351,4
1601.0,132,63,0.0,13.62715687181335,3.6491533042294257,8.287878787878787,65.81785862151348,4
1602.0,132,64,0.0,13.696671544201672,3.6104932719208893,8.484848484848484,64.42650376535892,5
1603.0,132,62,0.0,13.772083654510789,3.7018289538668787,8.704545454545455,65.13673635096464,4
1604.0,132,63,0.0,13.729999400419183,3.692537777050728,8.659090909090908,65.04298303547885,5
1605.0,133,63,0.0,13.741519872657955,3.7855804882434305,8.789473684210526,65.24882449870694,4
1606.0,134,63,0.0,13.89910087499302,3.8736414997350757,8.671641791044776,65.45436907623552,5
1607.0,133,61,0.0,13.602748874551617,3.928078467730582,8.691729323308271,65.84609154861312,5
1608.0,133,61,0.0,13.72612931681797,3.933399561394675,8.654135338345865,65.29646944155681,4
1609.0,131,59,0.0,13.638932401873172,3.9278723160666877,8.740458015267176,64.54247805264296,4
1610.0,132,59,0.0,13.694381542946212,3.947848105096036,8.871212121212121,64.73965521219974,4
1611.0,133,60,0.0,13.890168517571874,3.992054030777675,9.0,64.93902425824467,4
1612.0,132,61,0.0,13.888741046283394,3.8868095819642776,9.030303030303031,64.08580350626661,4
1613.0,131,59,0.0,13.886180299078115,3.9182630233622486,9.053435114503817,64.50798477488325,4
1614.0,132,60,0.0,13.858833905490942,3.9703993347434188,8.962121212121213,64.70522583965598,4
1615.0,131,62,0.0,13.897246426413767,3.923691436561531,9.488549618320612,64.10488011751485,5
1616.0,131,57,0.0,13.650155881978572,4.000369055092056,9.236641221374045,64.79616523854469,4
1617.0,132,59,0.0,13.631630492955447,4.055436499423292,9.401515151515152,64.98213724817084,4
1618.0,131,57,0.0,13.728582730609924,4.017867288467423,9.633587786259541,64.59268266108516,4
1619.0,131,57,0.0,13.694232114916668,3.9480712074090496,9.641221374045802,64.32014209935704,5
1620.0,132,57,0.0,13.784443814284169,3.9996026061061256,9.734848484848484,64.51886167119814,5
1621.0,134,59,0.0,13.518180969579982,4.0616432189319465,9.097014925373134,64.22969294633262,6
1622.0,133,55,0.0,13.690008048177697,3.99438500062462,8.917293233082706,64.6488964502237,6
1623.0,131,56,0.0,13.895376340695657,4.012764379733207,8.83969465648855,64.63518750078734,5
1624.0,133,59,0.0,13.861139909923077,3.9694286879689296,8.518796992481203,64.34485932595078,6
1625.0,132,57,0.0,13.655718035041355,3.8772452942708457,8.386363636363637,63.66064771787412,6
1626.0,132,57,0.0,13.84815399327305,3.977972255455946,8.196969696969697,64.35642934808531,5
1627.0,134,61,0.0,13.396975744184688,3.9094312634082615,7.902985074626866,63.16096497415283,6
1628.0,134,58,0.0,13.714433225197718,3.8720382889359435,7.731343283582089,63.17240681495666,7
1629.0,134,59,0.0,13.881749678496272,4.056844806883405,7.880597014925373,63.86158394867575,7
1630.0,135,62,0.0,13.192883520917862,3.7579033745385937,7.659259259259259,61.7572435194076,9
1631.0,134,57,0.0,13.693807089393854,3.769319413944877,7.567164179104478,62.210931890611434,8
1632.0,136,62,0.0,13.412171495997057,3.7247764200113753,7.617647058823529,61.993934788987886,10
1633.0,137,63,0.0,13.302863288647496,3.624112147521086,7.45985401459854,61.34882653870091,9
1634.0,136,59,0.0,13.100603852747009,3.5975893557876195,7.389705882352941,61.81497626829176,8
1635.0,137,62,0.0,13.735760756395758,3.68448067763281,7.240875912408759,62.071194623885454,9
1636.0,138,65,0.0,13.701210978301242,3.484699146050429,7.108695652173913,60.73143106382773,8
1637.0,139,63,0.0,13.641530915140175,3.4796874578690087,6.9784172661870505,61.019665846654796,9
1638.0,138,64,0.0,12.90868623459246,3.522449259449621,7.492753623188406,61.533604671878464,7
1639.0,137,64,0.0,13.421522270201455,3.5786856878440867,7.481751824817518,62.26310045943865,5
1640.0,139,66,0.0,14.627019961914531,3.5771331150437122,7.316546762589928,62.0803040068734,7
1641.0,137,65,0.0,13.066417280062506,3.575377299144944,7.635036496350365,61.94731111472137,6
1642.0,137,65,0.0,12.970573848657668,3.620320789629189,7.583941605839416,62.670952933123615,3
1643.0,139,68,0.0,13.48787121088244,3.6234640772847833,7.446043165467626,62.47878462513653,4
1644.0,138,66,0.0,13.033896864004792,3.6670711612903983,7.4855072463768115,62.76891035037153,4
1645.0,138,67,0.0,13.59409960997291,3.7277784049613834,7.731884057971015,63.48416894996356,4
1646.0,140,67,0.0,13.84546069635544,3.7689831777463048,7.614285714285714,63.27200215849316,4
1647.0,140,65,0.0,13.644719321606681,3.794479478199386,7.5928571428571425,63.98239474960231,4
1648.0,140,65,0.0,13.305655109207146,3.851550043958755,7.571428571428571,64.28710160931955,5
1649.0,140,64,0.0,13.88572353948839,3.919448853411506,7.564285714285714,64.22951699545399,4
1650.0,138,62,0.0,13.313825809111922,3.951044729296774,7.666666666666667,64.68332779385744,4
1651.0,139,63,0.0,13.419008310046047,3.9594351297984813,7.60431654676259,63.78655192656873,6
1652.0,139,62,0.0,13.960889780538979,4.106333796069027,7.841726618705036,64.47763155147274,4
1653.0,137,63,0.0,13.557961873686873,4.045778810960792,8.182481751824817,64.25667061565414,4
1654.0,136,63,0.0,15.150839651631722,3.9983195136974814,8.242647058823529,63.37703312495537,4
1655.0,136,62,0.0,13.695861022896134,3.9611279244976125,8.242647058823529,63.21517975079801,4
1656.0,136,62,0.0,13.834039452578873,4.030375771235795,8.485294117647058,63.90664498970779,4
1657.0,136,62,0.0,13.8462660002755,4.037588106328253,8.5,63.842590300518516,3
1658.0,136,62,0.0,13.792187055200339,4.034755491268314,8.720588235294118,63.654528620594874,4
1659.0,136,61,0.0,13.763287078682334,4.066630255602611,8.735294117647058,63.629583762090945,5
1660.0,136,60,0.0,13.862711301981472,4.150071041299648,8.772058823529411,64.31240570879851,4
1661.0,136,58,0.0,13.882876272988506,4.306371666910401,8.816176470588236,64.98579494220766,3
1662.0,136,62,0.0,13.889814015803859,4.2050976568573075,9.066176470588236,63.88527552147608,5
1663.0,135,61,0.0,13.764240413648077,4.2387790596284125,9.192592592592593,64.30706919075502,4
1664.0,134,59,0.0,13.831699899607338,4.223109930766556,9.313432835820896,64.76700959483823,3
1665.0,134,59,0.0,13.81370066604577,4.083527707022143,9.544776119402986,64.56732032625976,3
1666.0,134,57,0.0,13.712341363402084,4.025051640978587,8.925373134328359,64.51719228905199,4
1667.0,133,55,0.0,13.793596537876875,3.977859141734556,8.75187969924812,64.98148726479621,4
1668.0,135,57,0.0,13.784542920161039,3.967195357573712,8.207407407407407,64.70394263650026,4
1669.0,135,55,0.0,13.799638505303301,3.95980625352482,7.992592592592593,64.53768695101837,5
1670.0,135,56,0.0,15.093777154064544,3.9796910882808265,7.807407407407408,64.41869099133002,6
1671.0,135,58,0.0,14.293321154550455,4.014091496405404,7.62962962962963,64.26053221076434,6
1672.0,135,59,0.0,15.190245503051944,4.053030628819148,7.488888888888889,64.10701707910722,6
1673.0,134,59,0.0,15.17641181566733,4.062376289657989,7.41044776119403,64.56105849291002,6
1674.0,134,62,0.0,14.286854869900077,3.9054945472387512,7.291044776119403,63.670175157876436,6
1675.0,135,60,0.0,15.501554393982321,3.9300758985351525,7.103703703703704,63.89180352408303,6
1676.0,134,60,0.0,15.37999539669118,3.868974943934635,7.059701492537314,63.4936511224598,6
1677.0,135,61,0.0,15.126056255870305,3.845563167049554,7.2,63.71841143784085,6
1678.0,135,61,0.0,14.505707472590535,3.8376922630106796,7.111111111111111,63.694572721380865,6
1679.0,134,62,0.0,14.73451730036623,3.7343634092910176,7.335820895522388,63.3684347805087,7
1680.0,134,62,0.0,14.971254927110664,3.7441636015696558,7.253731343283582,63.36599180228291,6
1681.0,133,62,0.0,14.861922035650156,3.6582329099999016,7.2330827067669174,63.1714264722056,6
1682.0,134,61,0.0,15.77993244668915,3.630726075825974,7.104477611940299,63.410012262038286,6
1683.0,133,63,0.0,13.365271553723142,3.49257287965042,7.353383458646617,63.298259192817035,6
1684.0,133,62,0.0,13.548448414634914,3.590654216039166,7.293233082706767,64.01914853970854,5
1685.0,135,64,0.0,13.741217078850605,3.6027111388486293,7.4,63.77636324887416,6
1686.0,133,62,0.0,13.860765009047464,3.532263220042588,7.466165413533835,64.25045799493542,5
1687.0,133,61,0.0,13.807448699814268,3.600378937582864,7.421052631578948,64.9730066458695,4
1688.0,134,62,0.0,13.260466229892524,3.6322077922025215,7.313432835820896,65.20150262894317,4
1689.0,134,64,0.0,13.751075708516874,3.6179746783289373,7.7835820895522385,65.5142034015984,4
1690.0,135,61,0.0,13.534678220027127,3.6090061815035184,7.659259259259259,65.74533860836979,5
1691.0,136,60,0.0,13.254937495198101,3.658381980518115,7.455882352941177,65.97202818692243,4
1692.0,136,59,0.0,13.624687604699284,3.7033123279345754,7.411764705882353,66.68615964317242,4
1693.0,136,61,0.0,13.369790973984427,3.710216149731967,7.852941176470588,66.61051655961147,5
1694.0,137,62,0.0,13.65351539357029,3.8022398204864967,7.751824817518248,66.82496214720554,5
1695.0,136,62,0.0,13.515752523182892,3.8285785050355674,7.786764705882353,66.46279816985148,5
1696.0,136,60,0.0,13.595080689172292,3.8679406964750207,7.75,66.3841066663939,5
1697.0,135,61,0.0,13.896215854305774,3.818730847339814,7.792592592592593,66.27995335846012,4
1698.0,135,60,0.0,13.391852650819525,3.8012658028409194,7.770370370370371,66.17885288634248,5
1699.0,134,58,0.0,13.76466581618879,3.8875797990096337,7.8059701492537314,66.1567956545759,4
1700.0,136,60,0.0,13.858882770617493,3.9684086010846924,7.669117647058823,65.86732385104041,5
1701.0,136,57,0.0,13.80511597355362,4.113826949452353,7.632352941176471,66.55449176168814,4
1702.0,136,57,0.0,13.754350144043565,4.161354983074243,7.602941176470588,67.23441448360843,3
1703.0,134,58,0.0,13.872398085519672,3.9520124356146265,7.6940298507462686,64.42550008597942,5
1704.0,134,55,0.0,13.521258900268004,3.988245149635769,7.6716417910447765,65.12112163743843,4
1705.0,133,57,0.0,13.594330986664922,3.9736090051475204,7.93984962406015,65.5077524229831,4
1706.0,133,55,0.0,13.260421123099514,4.018396919044673,7.962406015037594,65.38376770183504,3
1707.0,133,55,0.0,13.627858842583374,4.002012999608072,8.172932330827068,65.26877892176405,4
1708.0,134,56,0.0,13.843283375253932,4.128272058062265,8.514925373134329,65.460593732594,5
1709.0,134,57,0.0,14.609662514398414,4.157326800149979,8.828358208955224,66.14449055677528,3
1710.0,134,56,0.0,13.960936020928974,4.048467787512641,9.037313432835822,65.87903079805035,4
1711.0,136,60,0.0,13.805638952972368,3.9219792818794748,8.713235294117647,65.5954714698092,6
1712.0,135,57,0.0,13.43910120695094,3.8383277602947206,8.585185185185185,65.12014025319239,6
1713.0,137,60,0.0,13.895027458295226,3.903208253482947,8.284671532846716,64.85557412870307,7
1714.0,135,60,0.0,14.035242031337301,3.790968516234252,8.237037037037037,63.60168489704423,7
1715.0,135,58,0.0,13.850934638618492,3.747741925657538,8.051851851851852,63.49151020400059,8
1716.0,136,60,0.0,14.506311742877887,3.823329016144863,7.845588235294118,63.724888863202736,8
1717.0,138,64,0.0,13.671461568959888,3.7922879830417915,7.608695652173913,62.74403148347169,9
1718.0,138,62,0.0,13.405515691242181,3.6952218910815433,7.5,62.731237310916526,9
1719.0,138,59,0.0,13.889962320658379,3.832891719206979,7.384057971014493,63.43924320106797,7
1720.0,140,63,0.0,13.782011334295385,3.7687245970395233,7.171428571428572,62.50517480355462,9
1721.0,139,63,0.0,14.46345134941891,3.7035605572176507,7.143884892086331,61.92673322496645,9
1722.0,138,62,0.0,13.878888311190531,3.6488463034093286,7.130434782608695,62.390883838830646,8
1723.0,138,64,0.0,13.685068623372354,3.5885666365184616,7.318840579710145,62.38134492382031,6
1724.0,140,66,0.0,14.13025573521632,3.5203272379255095,7.414285714285715,61.32397672781444,8
1725.0,139,64,0.0,13.400977376583029,3.4801329015622344,7.41726618705036,61.785836189341445,8
1726.0,139,65,0.0,13.382244752426931,3.478442982848753,7.374100719424461,62.52067343262549,5
1727.0,138,68,0.0,13.62020278533455,3.4089987116520666,7.405797101449275,62.120909642367764,5
1728.0,138,68,0.0,13.754669877677225,3.460877006059425,7.3768115942028984,62.16950656705533,6
1729.0,138,69,0.0,13.881837905710563,3.519259615188712,7.3768115942028984,62.898758697638684,5
1730.0,137,70,0.0,14.411271593985449,3.3325409569982476,7.693430656934306,62.77598004017016,3
1731.0,136,68,0.0,13.9216971328811,3.330097383486867,7.742647058823529,63.08244640004926,3
1732.0,137,72,0.0,14.395345750879796,3.264870460041066,7.9416058394160585,62.47473834640144,5
1733.0,136,69,0.0,14.146432262715253,3.3106001303132313,8.0,63.270169612158256,4
1734.0,136,69,0.0,13.888036299357191,3.40897418669602,8.007352941176471,64.01066731015395,3
1735.0,138,70,0.0,14.348441627747679,3.471712300498298,7.898550724637682,63.80345872480956,5
1736.0,137,69,0.0,13.172143406509838,3.4595428696341446,7.978102189781022,64.23379446099445,4
1737.0,139,70,0.0,13.720563125773333,3.5669996844799,7.877697841726619,64.02268064358724,6
1738.0,138,67,0.0,13.839995791530237,3.697845741327712,8.195652173913043,64.07685667126374,4
1739.0,137,68,0.0,14.427475960171849,3.620694250437574,8.525547445255475,64.51338956263702,4
1740.0,137,69,0.0,14.080580918482571,3.6921006350679497,8.562043795620438,64.09014218487255,5
1741.0,137,70,0.0,14.294050643328644,3.680147728929039,8.613138686131387,63.93485487495347,4
1742.0,137,70,0.0,13.2037574631162,3.63601747204786,8.89051094890511,63.9119150373855,5
1743.0,136,68,0.0,15.025748728486777,3.662453815239337,9.0,64.35218604483963,3
1744.0,136,67,0.0,13.791829557359286,3.6931260660967515,9.044117647058824,65.0713211485306,3
1745.0,137,70,0.0,13.654213768756017,3.567922113973374,9.467153284671532,64.49796650101078,5
1746.0,135,68,0.0,13.204518752964214,3.4866786739195237,9.644444444444444,64.45589956375511,4
1747.0,137,68,0.0,13.817128906646378,3.503682585785703,9.532846715328468,64.23157944440027,5
1748.0,134,66,0.0,13.422294533616498,3.37797303244028,9.798507462686567,64.01069107551801,4
1749.0,135,68,0.0,13.004434922104702,3.4103109157293314,9.977777777777778,64.26244318715271,5
1750.0,135,68,0.0,13.693619513395243,3.449713082001002,10.044444444444444,64.23820145592163,6
1751.0,135,65,0.0,13.787176559694462,3.538602644458907,10.103703703703705,64.96173944329345,4
1752.0,135,65,0.0,13.50063575732056,3.601338999474874,10.177777777777777,65.68334268561622,4
1753.0,137,66,0.0,13.2698463298951,3.555478020554905,10.094890510948906,65.43453328180871,4
1754.0,137,67,0.0,13.336236335301093,3.5619198378656307,10.583941605839415,66.1580208475071,4
1755.0,135,65,0.0,13.79720282831695,3.4330145022554177,11.014814814814814,66.32290460448003,3
1756.0,137,67,0.0,13.535298324748874,3.383896550916538,10.452554744525548,66.07728513782082,4
1757.0,137,64,0.0,13.311932098213584,3.4720419813229637,10.065693430656934,66.80855930146181,4
1758.0,138,65,0.0,13.31047899296973,3.523568801680963,9.630434782608695,67.04474515775,5
1759.0,140,64,0.0,13.256342592393048,3.5194395908994798,9.114285714285714,66.80112882339945,5
1760.0,140,62,0.0,13.584365348191932,3.66295205795101,8.957142857142857,67.51874671687497,5
1761.0,139,63,0.0,13.799734148057178,3.617888607784743,8.654676258992806,67.25878968527927,6
1762.0,139,63,0.0,13.920190456008154,3.6536704418102657,8.29496402877698,67.22279840655574,5
1763.0,138,62,0.0,13.454550581226671,3.6986018657748847,8.217391304347826,67.63937802659437,5
1764.0,137,61,0.0,14.998094595234456,3.6702787995580186,8.138686131386862,67.23691983008412,5
1765.0,137,63,0.0,13.431948787287423,3.8236514149078973,8.02919708029197,67.94315627521733,3
1766.0,135,61,0.0,14.355292901570524,3.8299622740881927,8.02962962962963,68.00386030294314,3
1767.0,135,61,0.0,14.287358622775958,3.908817718031829,8.2,68.70372859928028,2
1768.0,134,62,0.0,15.30948754743355,3.843729602631804,8.149253731343284,68.27068675944778,2
1769.0,133,62,0.0,15.248467451783316,3.747997935006004,8.112781954887218,67.88224367202548,3
1770.0,133,61,0.0,15.240647658666084,3.9408643614858825,8.293233082706767,68.58255623901444,2
1771.0,130,60,0.0,15.831838258735324,3.768176867841555,8.376923076923077,68.40559939226338,2
1772.0,132,60,0.0,15.78155640240987,3.800068488038272,8.136363636363637,68.06045159386467,4
1773.0,131,58,0.0,13.987568425696763,3.802504850596213,8.076335877862595,68.41918626099174,4
1774.0,131,59,0.0,15.37683208506317,3.783614348241963,7.969465648854962,68.42765587111606,4
1775.0,130,57,0.0,15.221692828282203,3.6459242043687734,7.915384615384616,68.19340254094215,4
1776.0,130,57,0.0,14.731503956108373,3.7389142480199644,8.084615384615384,68.90447730600211,4
1777.0,130,58,0.0,13.617793250107207,3.6654821993945617,7.961538461538462,69.1343627674818,5
1778.0,131,56,0.0,13.691680751601234,3.7566340658727806,7.763358778625954,69.30787976522201,4
1779.0,131,57,0.0,13.640588711515615,3.8260001914571187,7.923664122137405,70.01475776192255,4
1780.0,131,58,0.0,14.895027895771513,3.868820800407771,7.8320610687022905,69.91300419304993,4
1781.0,131,57,0.0,14.968448579574423,3.846127552537283,7.717557251908397,69.28354197947492,4
1782.0,130,56,0.0,14.536485271162773,3.949082291090256,7.6923076923076925,69.72337520257861,4
1783.0,131,57,0.0,13.868984736362473,3.9076032909097145,7.541984732824427,69.01962863496976,5
1784.0,129,53,0.0,13.81968740685843,3.962266918138043,7.550387596899225,69.26759795224692,4
1785.0,129,53,0.0,13.693052590801381,3.993813052078895,7.457364341085271,69.96270266123233,4
1786.0,129,56,0.0,13.66604080980178,3.8678585994665386,7.875968992248062,68.46514950624828,5
1787.0,129,54,0.0,13.636416303669103,4.09658117462697,8.031007751937985,69.15177527082676,4
1788.0,129,55,0.0,13.792063026782126,4.0813455058149435,7.930232558139535,68.99970127567188,5
1789.0,129,55,0.0,13.87532263720345,4.157628109227122,8.085271317829458,68.38572469968437,4
1790.0,129,55,0.0,13.450654666381888,4.096099455699181,7.984496124031008,68.24556346550025,5
1791.0,128,54,0.0,13.440169601212256,4.030821761380899,7.9453125,67.33057871222935,6
1792.0,128,52,0.0,14.08684493468039,4.073755675002828,7.8515625,68.01813993692333,4
1793.0,128,52,0.0,13.588542145537213,4.018046712491663,7.7578125,67.90582736059406,5
1794.0,128,51,0.0,13.6200102400475,4.161714190285285,7.671875,67.26407602483872,5
1795.0,126,53,0.0,13.857831115578302,4.094383540972755,7.738095238095238,66.8733666247237,4
1796.0,127,54,0.0,13.292904895474203,4.117785848359875,8.086614173228346,67.01837210835025,4
1797.0,127,53,0.0,14.065474422410022,4.190783567243335,8.472440944881889,66.64043837727318,4
1798.0,128,55,0.0,13.7775724911074,4.159415726454261,8.828125,66.78335812940364,5
1799.0,130,59,0.0,13.795621811039746,4.012438304911421,9.123076923076923,65.65997209165596,7
1800.0,129,59,0.0,13.346162042790093,3.9356297601977674,9.651162790697674,66.07753003619663,6
1801.0,130,59,0.0,13.665238556545228,4.028260360382933,9.338461538461539,66.2488984276996,7
1802.0,131,60,0.0,13.803826398192905,3.90200302617667,9.053435114503817,65.66587591595469,8
1803.0,131,60,0.0,13.742982486821711,3.9073936706341468,8.854961832061068,65.38933472426254,8
1804.0,132,60,0.0,13.591653523012065,3.857439012963788,8.606060606060606,64.63048657758907,9
1805.0,133,60,0.0,13.36315562678501,3.8639948886868076,8.37593984962406,64.83926687041041,7
1806.0,132,60,0.0,13.525526337767952,3.73528080657434,8.287878787878787,64.37580519213148,8
1807.0,131,61,0.0,13.430806434573606,3.645577975611899,8.206106870229007,64.81136711740919,7
1808.0,134,64,0.0,13.265979280439206,3.573651022891834,7.895522388059701,64.061722411709,8
1809.0,134,62,0.0,14.470802422723624,3.6373490000979385,8.059701492537313,64.78111515408254,7
1810.0,134,62,0.0,13.694401126429506,3.5871185933173773,7.947761194029851,64.58123085653885,6
1811.0,135,67,0.0,13.393636092392876,3.516103972531671,8.096296296296297,64.1482368756841,7
1812.0,133,66,0.0,13.608416049241237,3.5093843418586377,8.150375939849624,64.03530973608639,6
1813.0,133,68,0.0,13.430193834663436,3.4808440667646603,8.090225563909774,64.00870177887614,7
1814.0,134,68,0.0,13.515722945542075,3.5020846538412,7.985074626865671,64.2497306691117,5
1815.0,133,66,0.0,13.36210463042371,3.516728168571743,7.984962406015038,64.71050246414494,5
1816.0,135,70,0.0,13.698406347399578,3.5579115739405838,8.096296296296297,64.4573779613591,6
1817.0,133,67,0.0,13.860647845058702,3.517076675950883,8.165413533834586,64.54045790387927,4
1818.0,132,69,0.0,13.899646662268788,3.539621075894976,8.469696969696969,65.0935916845483,4
1819.0,133,70,0.0,13.559251762695414,3.4709075698762684,8.353383458646617,64.41330479091866,5
1820.0,133,67,0.0,13.793771583097987,3.58755269060336,8.31578947368421,65.13580307738756,4
1821.0,133,67,0.0,13.678028673026711,3.6536344603827295,8.285714285714286,65.85341120494917,4
1822.0,134,69,0.0,14.296711638864307,3.58686096434593,8.462686567164178,65.6729497652624,4
1823.0,134,65,0.0,14.37785760524328,3.7104631639631926,8.432835820895523,66.38762527170461,4
1824.0,132,65,0.0,13.936573565812958,3.5993154395911495,8.537878787878787,66.77631838748043,4
1825.0,132,65,0.0,13.91429904530867,3.7091524000559013,8.765151515151516,67.4898774715635,2
1826.0,132,66,0.0,14.64728221997264,3.5535155166855827,8.727272727272727,66.83279599730835,4
1827.0,131,65,0.0,14.380250168896415,3.586737848728271,9.038167938931299,66.88139187450571,4
1828.0,130,66,0.0,13.72254018029198,3.5681731164773516,9.092307692307692,67.27755513154976,2
1829.0,130,66,0.0,13.899703646288254,3.433958915924265,9.053846153846154,65.98081775695402,4
1830.0,130,63,0.0,14.15427829153414,3.551684088141221,9.038461538461538,66.7043919311037,4
1831.0,130,63,0.0,13.63274470109027,3.6252508659647664,9.276923076923078,67.4184955914138,4
1832.0,131,64,0.0,14.524461071086495,3.5920108246922333,9.16793893129771,66.80046030398549,4
1833.0,131,64,0.0,13.858324331730051,3.6897309783205423,9.412213740458014,67.51105602123778,4
1834.0,130,62,0.0,13.705472271167674,3.7951142705060326,9.446153846153846,67.55105771394793,4
1835.0,132,64,0.0,13.9964079984095,3.8972122938772564,9.287878787878787,67.20646325285578,4
1836.0,132,61,0.0,13.720760467206128,3.9855386285651937,9.265151515151516,67.89204755564555,4
1837.0,132,61,0.0,14.62274581802581,4.036706871381063,9.462121212121213,68.57455587516853,4
1838.0,133,62,0.0,14.30002983385735,3.9501271322017026,9.37593984962406,67.61887417309404,4
1839.0,132,60,0.0,14.318935883730097,3.9492086638835566,9.431818181818182,67.91139691330929,4
1840.0,131,61,0.0,13.779307518060715,4.071566903117499,9.755725190839694,68.19315825585662,4
1841.0,131,62,0.0,14.459483319419613,3.988622050194447,9.740458015267176,67.2536525834059,4
1842.0,130,61,0.0,13.848674861807377,4.024614012130251,10.023076923076923,67.4958086229986,4
1843.0,129,62,0.0,14.082415093926743,3.900838738585783,10.310077519379846,67.12938788525217,5
1844.0,129,63,0.0,14.155475511753963,3.865636741920497,10.790697674418604,66.88540990795902,4
1845.0,127,62,0.0,14.065157040770195,3.8159774057611116,11.181102362204724,67.00115843352445,4
1846.0,129,65,0.0,14.19167657268899,3.681587795096137,10.550387596899224,65.71599717799215,7
1847.0,129,60,0.0,14.207215338529117,3.734658352565407,10.093023255813954,66.42766486581264,5
1848.0,129,61,0.0,14.57055649444033,3.694553771330466,9.651162790697674,66.1832831461757,6
1849.0,131,59,0.0,13.982342887206965,3.6341645857362526,9.068702290076336,65.87674502637643,7
1850.0,129,61,0.0,13.736012677988038,3.4815433731593015,9.031007751937985,65.13952031416116,7
1851.0,130,59,0.0,13.87431642962902,3.4850630669327924,8.553846153846154,65.35919628017551,8
1852.0,131,59,0.0,13.72141146552749,3.569831436145636,8.312977099236642,65.57371808700921,6
1853.0,131,59,0.0,13.79599889854435,3.5217077318674592,8.145038167938932,65.36963137043891,7
1854.0,131,60,0.0,13.906129571379193,3.3459030553583546,7.984732824427481,64.63811555618018,8
1855.0,132,60,0.0,13.851614983379841,3.392686904526215,8.068181818181818,64.87242004950178,7
1856.0,131,59,0.0,13.441848484892398,3.410812172871872,7.977099236641221,65.3641872226354,6
1857.0,132,60,0.0,13.66091001183077,3.345195159188538,7.765151515151516,64.88184267555152,7
1858.0,131,60,0.0,13.828587905227238,3.3236221645010455,7.702290076335878,65.38163297730901,6
1859.0,132,63,0.0,13.62228388930671,3.342020968979746,7.8106060606060606,65.6100472447477,6
1860.0,131,62,0.0,13.874655977799558,3.3692535968249366,8.061068702290076,65.93543104503662,4
1861.0,131,62,0.0,13.631132976710797,3.3445836206515134,7.9541984732824424,65.72757805935322,4
1862.0,130,61,0.0,13.163680486939848,3.2728375916784938,7.923076923076923,66.25574739870858,4
1863.0,130,62,0.0,13.69636374750609,3.2869029179319247,7.838461538461538,66.10067825799158,3
1864.0,131,60,0.0,13.230761626362801,3.333051857466088,7.687022900763359,66.32610792101418,4
1865.0,130,60,0.0,13.189872804889456,3.423332658350238,7.923076923076923,66.86369294664281,3
1866.0,130,61,0.0,13.32734537809156,3.475607993981554,7.838461538461538,66.64729767960986,4
1867.0,131,61,0.0,13.561434147274122,3.5614865645354787,7.977099236641221,66.8517985111807,4
1868.0,131,60,0.0,13.463557654498839,3.6415125591107134,7.900763358778626,67.56699345091435,4
1869.0,131,59,0.0,13.741437504273602,3.6284125657197253,7.809160305343512,67.84587228767177,4
1870.0,131,60,0.0,13.537375344169089,3.635152560008027,7.99236641221374,67.67399906345041,4
1871.0,131,58,0.0,13.025110205768444,3.691646144527869,7.916030534351145,68.38916783882277,4
1872.0,131,59,0.0,13.144145067315549,3.5924853327988857,7.8320610687022905,67.79693365052519,5
1873.0,131,57,0.0,13.469565468813055,3.7436200148627106,7.755725190839694,68.50395367299063,4
1874.0,132,58,0.0,13.848020905023441,3.744168041771857,7.628787878787879,68.68752177896603,5
1875.0,133,58,0.0,14.332838033935278,3.8291917185392985,7.7443609022556394,68.86841280763473,5
1876.0,133,56,0.0,13.586246498022229,3.9663615978711526,7.661654135338346,69.56290325421746,4
1877.0,134,58,0.0,13.844031185819768,4.0174316225850415,7.7835820895522385,69.724213482936,5
1878.0,134,57,0.0,13.857810549880378,4.072782513795527,7.7164179104477615,69.20533815019719,4
1879.0,134,55,0.0,13.599336857934706,4.188650048420419,7.649253731343284,69.88205753113351,4
1880.0,133,56,0.0,13.432512818865895,4.162845776610793,7.669172932330827,68.99950262961357,4
1881.0,131,55,0.0,14.198771620293819,4.061659357941346,7.748091603053435,67.46290721433276,4
1882.0,130,54,0.0,14.172761738517993,4.090818509158151,8.0,67.82479394115076,4
1883.0,132,57,0.0,15.194067971765735,4.143805620387673,8.083333333333334,67.46609650474494,5
1884.0,130,54,0.0,15.141200417334886,4.156653807705206,8.2,67.38875689782681,4
1885.0,129,53,0.0,14.404801191397683,4.236088428238261,8.263565891472869,67.74111514969705,4
1886.0,132,59,0.0,14.243937495704033,4.193332662639424,8.5,66.8536976681189,6
1887.0,132,54,0.0,15.4717706974677,4.23517044617861,8.5,67.52884901535619,5
1888.0,130,55,0.0,15.200693733439522,4.136380288963252,9.053846153846154,67.42541076863793,5
1889.0,129,55,0.0,13.859950408549048,4.122455459571746,9.348837209302326,67.83972219802297,3
1890.0,131,59,0.0,13.862555244914256,4.039351299271612,9.641221374045802,67.47875418425643,5
1891.0,130,57,0.0,14.674922369940878,4.066318879184302,9.46923076923077,67.77880775189372,5
1892.0,131,59,0.0,15.332782059822904,4.060284102307032,9.16793893129771,67.94027618845709,3
1893.0,132,59,0.0,13.873954404499504,4.038065863960858,8.886363636363637,68.10839100201936,4
1894.0,133,60,0.0,15.410479812658131,3.969135576753665,8.601503759398497,67.54220371118625,6
1895.0,133,60,0.0,13.776126521266997,3.946026635088409,8.421052631578947,67.38920936831958,7
1896.0,132,59,0.0,13.774588847269241,3.9678602846072564,8.31060606060606,67.86876822338128,5
1897.0,134,63,0.0,14.31064271224006,3.911721195026368,8.044776119402986,66.7527270731874,8
1898.0,133,62,0.0,13.44146860796027,3.7724476450601467,7.977443609022556,66.23265987142945,8
1899.0,131,60,0.0,13.800765037569493,3.6389228353808583,7.969465648854962,66.30194004883012,7
1900.0,132,64,0.0,13.889955454482697,3.607707818824656,7.795454545454546,65.60283799824421,7
1901.0,132,61,0.0,13.770634426595644,3.6102440934339373,7.681818181818182,65.54057628211986,7
1902.0,131,63,0.0,13.860210727760569,3.5960778506042725,7.9465648854961835,65.99137487666117,7
1903.0,134,68,0.0,13.660651065502316,3.5929728491527473,7.970149253731344,65.21765186572044,7
1904.0,132,66,0.0,13.745113512361423,3.5323555673519946,8.022727272727273,65.28990759574255,6
1905.0,132,66,0.0,13.515846797591076,3.611919349569557,7.962121212121212,66.01497156258654,6
1906.0,131,65,0.0,14.614674014320297,3.495347835048126,7.961832061068702,65.87389142218517,5
1907.0,133,67,0.0,14.25016901285747,3.552497046997563,7.796992481203008,65.59973349860107,6
1908.0,131,66,0.0,16.25984630223723,3.4937305706174304,8.15267175572519,66.00230638417192,6
1909.0,132,67,0.0,14.959206295338326,3.4854770011585305,8.053030303030303,66.22693594762822,4
1910.0,131,66,0.0,15.946255210250484,3.476342800717843,8.083969465648854,67.01917610905839,4
1911.0,131,67,0.0,16.06779027567139,3.463361552034836,8.053435114503817,66.84974865551155,5
1912.0,131,65,0.0,15.77179572617063,3.4440269037067766,8.01526717557252,67.1120023067864,5
1913.0,131,64,0.0,14.041027720482754,3.4668602157788064,7.984732824427481,67.84806845836282,3
1914.0,131,65,0.0,14.770288767491499,3.5842410450480675,8.213740458015268,68.13257822696026,4
1915.0,132,66,0.0,14.52398004428185,3.6875461039467226,8.393939393939394,68.3275578987184,4
1916.0,132,65,0.0,14.03864636854815,3.756812909943311,8.371212121212121,69.04080568442134,4
1917.0,133,65,0.0,13.428115627123043,3.7330739683659298,8.300751879699249,69.22554154469208,4
1918.0,134,65,0.0,13.553878250740944,3.7975797459847067,8.477611940298507,69.40933425329318,4
1919.0,131,63,0.0,13.812386276759208,3.731609973770807,8.389312977099237,68.34825446845672,4
1920.0,131,62,0.0,13.425974526186474,3.7637756315108324,8.381679389312977,69.05534471601914,3
1921.0,132,65,0.0,13.86945592504926,3.7710720650303577,8.795454545454545,68.40349215479796,4
1922.0,132,63,0.0,13.597081869468093,3.8206181573608036,8.795454545454545,69.10894225842888,4
1923.0,132,63,0.0,13.761057439353317,3.8591087680202376,8.795454545454545,69.01352472072057,4
1924.0,132,63,0.0,13.887940941937268,3.8275456715948213,8.795454545454545,68.43571793040132,4
1925.0,131,62,0.0,14.625111193734735,3.773822427544209,8.877862595419847,68.88308063379148,4
1926.0,130,61,0.0,14.948718265908639,3.7677184344594257,8.961538461538462,69.36063525068116,4
1927.0,130,64,0.0,13.47034990416007,3.7369766692485045,9.192307692307692,67.95691318958156,4
1928.0,129,61,0.0,14.665618227414651,3.7865720672651277,9.271317829457365,68.3957562921917,4
1929.0,129,64,0.0,13.829931565304287,3.7975385338120144,9.75968992248062,67.78243540867109,4
1930.0,129,62,0.0,14.218876386061016,3.7952674325966953,9.767441860465116,67.70840046668633,4
1931.0,128,60,0.0,13.68350364405553,3.8268396489363488,9.859375,67.6063831489255,4
1932.0,127,60,0.0,12.931091951997951,3.7075287172201103,9.968503937007874,66.7432474056046,5
1933.0,128,59,0.0,13.81911053354852,3.798486176120208,9.921875,66.92123060522601,4
1934.0,127,57,0.0,13.819598233191948,3.771868377766399,10.023622047244094,67.38246154884582,4
1935.0,129,60,0.0,13.214832193078474,3.6716833684666494,10.317829457364342,67.03846843561611,5
1936.0,129,59,0.0,13.54820549171418,3.584899054124286,10.069767441860465,66.44970079524585,5
1937.0,129,59,0.0,13.79137531851884,3.4851213336344613,9.837209302325581,65.86557444095925,6
1938.0,130,59,0.0,12.907421499700286,3.451662538213882,9.546153846153846,66.08194793483922,6
1939.0,131,60,0.0,13.619273525639437,3.526881131064945,9.274809160305344,66.29756135899943,6
1940.0,132,60,0.0,13.287711638701149,3.614059546505485,9.022727272727273,66.50908551413701,7
1941.0,132,61,0.0,13.84721346476581,3.546077417155356,8.856060606060606,66.51116535470216,6
1942.0,131,61,0.0,13.857098942366429,3.4480745572508957,8.763358778625955,65.98978953535712,6
1943.0,130,60,0.0,13.825928494427353,3.471010092103391,8.684615384615384,66.48023163696936,5
1944.0,130,61,0.0,14.572584446811474,3.419618651592201,8.546153846153846,66.46600943461775,5
1945.0,132,62,0.0,13.7043010646943,3.3108523868364346,8.272727272727273,65.44690510252532,7
1946.0,131,60,0.0,15.183718345048936,3.3478369685169134,8.198473282442748,65.75276191134684,6
1947.0,131,59,0.0,13.94102628961055,3.492172668323572,8.061068702290076,66.48386294843316,5
1948.0,130,61,0.0,14.10990370480659,3.4598953905136676,8.284615384615385,66.74834529041767,4
1949.0,131,63,0.0,13.63963693366386,3.4313322256197445,8.412213740458014,65.93420333457449,6
1950.0,131,62,0.0,13.833259738958441,3.482806387622111,8.312977099236642,66.66480897850028,5
1951.0,131,65,0.0,13.891101039224305,3.3458789556627835,8.221374045801527,66.28567175083872,4
1952.0,131,62,0.0,13.641620909539052,3.40498242038143,8.122137404580153,67.02291412240966,4
1953.0,130,63,0.0,13.868648862675764,3.4976336986753926,8.376923076923077,67.84394156490123,4
1954.0,130,62,0.0,13.894002364459448,3.4964886495006495,8.276923076923078,67.57036135736968,5
1955.0,131,63,0.0,13.793409422365949,3.4919527583659584,8.122137404580153,67.77282065568221,4
1956.0,130,61,0.0,13.557668078201823,3.409508470516352,8.36923076923077,67.58987514638027,5
1957.0,129,60,0.0,13.597654089855038,3.4635903743150536,8.333333333333334,67.88590664982814,3
1958.0,130,62,0.0,13.881808515964076,3.55801686839405,8.476923076923077,68.07920620084023,4
1959.0,131,63,0.0,13.597295192745515,3.61264685720889,8.587786259541986,68.27462453944807,5
1960.0,131,61,0.0,13.546172844222747,3.6729300583593267,8.49618320610687,68.99002039522964,4
1961.0,132,61,0.0,13.712241401174106,3.7396219169375606,8.340909090909092,69.16944889534003,4
1962.0,131,61,0.0,13.705440908879973,3.706579973832459,8.312977099236642,69.18543290077272,4
1963.0,132,60,0.0,13.532835607103303,3.7924221681908197,8.151515151515152,69.36273392955398,5
1964.0,133,59,0.0,13.664895116852827,3.815474957344511,7.992481203007519,69.53763705318971,5
1965.0,132,57,0.0,13.799196211132221,3.9033310735212794,7.962121212121212,69.51715644300772,4
1966.0,133,58,0.0,13.747010385943577,3.926737483270087,7.842105263157895,69.68091818378109,5
1967.0,133,59,0.0,13.476649721129798,3.9575459881786843,8.06766917293233,69.16832797262194,5
1968.0,132,58,0.0,13.822599586308934,3.9705804087164522,8.295454545454545,69.55451265966387,4
1969.0,132,59,0.0,13.714057063194923,3.9023838761746483,8.242424242424242,68.9929947713143,4
1970.0,132,59,0.0,13.445495873549953,3.861829170045376,8.462121212121213,68.8493286406591,4
1971.0,131,57,0.0,13.802977565303445,3.8334762331030734,8.488549618320612,69.28877244727511,4
1972.0,131,58,0.0,13.531703376420774,3.8837893160209536,8.458015267175572,69.14808341558343,4
1973.0,131,57,0.0,13.663295013964401,3.9408402653879895,8.618320610687023,68.84505648281043,4
1974.0,130,57,0.0,13.354747056239285,3.9488279733569085,8.923076923076923,69.23424040972351,4
1975.0,131,58,0.0,13.897138351202011,3.980917163591439,8.83969465648855,69.38328892558964,4
1976.0,132,57,0.0,13.602308543492109,4.068005184930103,8.93939393939394,69.53146746635608,4
1977.0,131,56,0.0,13.46045818448173,4.100422517105715,8.977099236641221,69.86888441632648,4
1978.0,132,59,0.0,13.827122398046777,4.116081815771565,9.128787878787879,69.11415674100489,5
1979.0,131,59,0.0,13.736077346117236,4.065258178942277,9.641221374045802,68.6349358950774,5
1980.0,131,60,0.0,13.451937112235465,3.960388397871262,10.083969465648854,68.43006078792016,6
1981.0,133,60,0.0,13.612818890948555,3.9141121758622583,9.691729323308271,68.08020739667349,7
1982.0,133,59,0.0,13.444523746706546,3.8691285613715887,9.466165413533835,67.99553061577501,7
1983.0,132,61,0.0,14.016020491126055,3.723090948630968,9.340909090909092,67.5445731420935,8
1984.0,134,62,0.0,14.088715445052895,3.641914643591439,9.014925373134329,67.2366569261491,8
1985.0,134,61,0.0,13.408329215382453,3.6543008231133123,8.843283582089553,67.1824189042897,8
1986.0,134,62,0.0,13.7758287774713,3.7120550358040845,8.686567164179104,67.16222558951304,8
1987.0,136,64,0.0,13.700723249385753,3.7649230274495493,8.720588235294118,66.86750586818125,8
1988.0,137,63,0.0,13.704212580434978,3.786561256574014,8.510948905109489,67.07772280967913,8
1989.0,136,61,0.0,14.708018448962386,3.8422698630940944,8.433823529411764,67.42418780027049,7
1990.0,138,65,0.0,13.398228069976904,3.7110483462927286,8.181159420289855,66.34636151977087,8
1991.0,138,63,0.0,14.054374673900853,3.751044908311016,8.065217391304348,66.33760353034491,8
1992.0,140,66,0.0,14.034921554714266,3.752708015451928,7.857142857142857,66.08907934857505,9
1993.0,139,66,0.0,13.794706429604636,3.6172308641608035,7.83453237410072,65.86915629792718,8
1994.0,137,65,0.0,13.762732825080336,3.500527882463559,8.138686131386862,66.04965713006004,7
1995.0,137,67,0.0,13.851209945931503,3.4902490193400504,8.072992700729927,65.96243310402977,8
1996.0,136,68,0.0,13.815168100562566,3.471963810837354,8.352941176470589,65.59900469873698,6
1997.0,136,68,0.0,14.896045017849126,3.4975679869035403,8.301470588235293,66.32949417358844,5
1998.0,136,69,0.0,13.816317577590235,3.284978925643427,8.242647058823529,65.48496944460918,5
1999.0,136,67,0.0,13.657264214696239,3.3162415773958505,8.183823529411764,66.22979408432315,4
2000.0,138,70,0.0,13.575120373433144,3.345056313799816,8.03623188405797,65.9991520353148,6
2001.0,139,70,0.0,13.897418514918536,3.471288707905833,8.201438848920864,66.25313188861202,6
2002.0,139,68,0.0,13.303849456226454,3.5477433511402436,8.172661870503598,66.98034963283017,5
2003.0,140,68,0.0,13.883263064641506,3.587567191144508,8.07857142857143,67.22220324049196,6
2004.0,139,68,0.0,15.015627440485575,3.4880740215431936,8.100719424460431,66.81507014487616,5
2005.0,138,67,0.0,13.607074820905051,3.470314239746664,8.384057971014492,67.62230637825333,5
2006.0,140,68,0.0,13.76314106001804,3.5379735804433143,8.235714285714286,67.3705942045968,5
2007.0,137,66,0.0,13.81196061752271,3.4453035145294315,8.64963503649635,67.12854181323324,4
2008.0,137,66,0.0,13.655030371830799,3.576526060179507,8.613138686131387,67.85478605745509,4
2009.0,138,68,0.0,13.481403136136942,3.4604287086698915,8.528985507246377,66.7812613423358,5
2010.0,138,66,0.0,13.677280547306873,3.5485979187031496,8.514492753623188,67.51073749409231,4
2011.0,138,65,0.0,13.817947982437909,3.708674314399415,8.5,68.22846045310973,4
2012.0,139,65,0.0,13.829250392480754,3.5745614153804315,8.417266187050359,67.70898251061459,4
2013.0,138,62,0.0,13.833217201149091,3.5716596431300305,8.456521739130435,67.78149863003082,4
2014.0,138,62,0.0,12.924956091915316,3.7238034948378083,8.673913043478262,68.49920403301101,4
2015.0,139,63,0.0,13.513916290225461,3.736863307762557,8.83453237410072,68.71280002774957,3
2016.0,138,63,0.0,13.83999269825872,3.7440740019558034,8.891304347826088,67.92302155809374,4
2017.0,137,62,0.0,13.637450940301642,3.7717602055445165,8.956204379562044,68.35363904087805,4
2018.0,137,63,0.0,13.836687373698748,3.7788353628776634,8.978102189781023,67.757796165872,3
2019.0,135,61,0.0,13.616577053419315,3.666989963262962,9.133333333333333,66.65209989498396,4
2020.0,134,59,0.0,13.595609614744841,3.780450871588765,9.223880597014926,66.60089344172191,4
2021.0,135,62,0.0,13.384812141396106,3.7589988986409093,9.392592592592592,66.05122361015233,5
2022.0,135,60,0.0,13.834521987917833,3.9193139058154234,9.437037037037037,66.75502526498408,4
2023.0,135,58,0.0,13.588810679363087,4.062769904222278,9.474074074074075,67.44882965833905,4
2024.0,135,61,0.0,13.808386589377188,3.9206191365864855,9.725925925925926,66.07358272591429,5
2025.0,135,58,0.0,14.302245795898052,3.9614381407664565,9.962962962962964,66.77526105046546,4
2026.0,132,59,0.0,13.780729247466661,3.6649230697132062,9.977272727272727,66.16448143893706,4
2027.0,134,60,0.0,13.881355170253665,3.6103825322516143,9.417910447761194,65.8903729911154,4
2028.0,134,59,0.0,13.706634624605067,3.5913265143270023,9.201492537313433,65.29734321991258,5
2029.0,133,58,0.0,13.976190349188547,3.6173104914733485,9.075187969924812,65.76544475910558,5
2030.0,134,59,0.0,13.659789289346694,3.5680038242215524,8.805970149253731,65.24846131465938,5
2031.0,134,58,0.0,14.047985962833192,3.667111045881027,8.611940298507463,65.96774228594828,5
2032.0,134,59,0.0,13.603189062769525,3.7829851413772877,8.432835820895523,66.67893132063138,5
2033.0,136,64,0.0,14.094604873739161,3.639289686044274,8.154411764705882,65.69882740941146,6
2034.0,134,61,0.0,14.07270108671757,3.5128073489524065,8.126865671641792,65.70550643912367,5
2035.0,135,62,0.0,13.811228948622011,3.561354045427852,8.22962962962963,65.94037581078018,6
2036.0,134,64,0.0,13.85283357205335,3.5935193012355664,8.462686567164178,66.18619882824535,4
2037.0,135,64,0.0,13.543689588574612,3.6251856302180756,8.274074074074074,66.4110003834864,5
2038.0,135,65,0.0,14.066195186588892,3.630722384992639,8.177777777777777,66.17045825880915,6
2039.0,135,64,0.0,14.185497119452783,3.7267304380532744,8.066666666666666,66.88444704318822,3
2040.0,133,63,0.0,13.81140653158902,3.657941342294637,8.06766917293233,65.99209434952701,4
2041.0,133,63,0.0,13.847891171323136,3.5829792863753354,7.969924812030075,66.03356713095464,4
2042.0,131,64,0.0,14.020681559585945,3.500158408988438,8.290076335877863,66.07617713977224,4
2043.0,132,64,0.0,14.296625809639671,3.530724819955502,8.136363636363637,66.29176974609753,4
2044.0,132,65,0.0,14.215049816348166,3.4686004494046565,8.340909090909092,66.32956581851575,4
2045.0,130,63,0.0,13.848117577005178,3.4267576581983663,8.384615384615385,66.63319959855933,4
2046.0,129,64,0.0,13.21615407858044,3.292413669978108,8.651162790697674,66.4503999704864,4
2047.0,130,63,0.0,14.153983626270646,3.3982449680782856,8.484615384615385,66.66816455850602,4
2048.0,131,64,0.0,13.86959556555985,3.469312610304118,8.610687022900763,66.8800792971421,5
2049.0,131,62,0.0,14.584508868668207,3.5910167394104624,8.511450381679388,67.59888949048353,4
2050.0,132,62,0.0,13.503644720162265,3.608824928690379,8.371212121212121,67.80085596006914,4
2051.0,132,62,0.0,13.699302098580214,3.5884299625348532,8.303030303030303,67.2951659443454,5
2052.0,132,60,0.0,13.780156717379578,3.689839053263202,8.227272727272727,68.00594186565074,4
2053.0,132,59,0.0,13.935155142360875,3.6438198329714373,8.151515151515152,67.51279484569264,4
2054.0,133,57,0.0,13.613534379610792,3.6893949429393706,8.007518796992482,67.70940961256247,4
2055.0,134,60,0.0,13.577633780636825,3.7429069050840025,8.388059701492537,67.90866780598787,5
2056.0,134,59,0.0,13.859181225043722,3.81297524785203,8.313432835820896,68.61669189300886,4
2057.0,134,58,0.0,13.721642188238912,3.760711713823462,8.23134328358209,68.49466018165526,4
2058.0,133,59,0.0,14.283898903796914,3.6850388124642515,8.233082706766917,67.76843508657774,5
2059.0,133,58,0.0,13.801760763023049,3.671976878952961,8.172932330827068,67.67410833852253,5
2060.0,133,57,0.0,14.009566248552407,3.6674087689747523,8.097744360902256,67.42370151271592,5
2061.0,132,58,0.0,14.100361658348234,3.696868233951816,8.598484848484848,67.70245337227047,4
2062.0,133,57,0.0,14.07220910263201,3.763253353875103,8.443609022556391,67.89610787484368,5
2063.0,133,57,0.0,14.51612429390149,3.802601677115093,8.38345864661654,67.66374898401376,5
2064.0,133,57,0.0,14.175387038401793,3.8313256283370465,8.330827067669173,67.62006231210738,5
2065.0,133,55,0.0,14.568680428917984,3.8854276645294124,8.278195488721805,68.32165778720278,4
2066.0,132,57,0.0,13.829340797942132,3.7827715890084495,8.522727272727273,67.8199470122586,4
2067.0,132,55,0.0,13.719146411767694,3.7990674230675667,8.454545454545455,67.71991001139854,5
2068.0,132,54,0.0,13.542810269789303,3.809796587315553,8.636363636363637,68.42500161862363,4
2069.0,133,57,0.0,13.148687629704364,3.7997720788976252,8.781954887218046,68.60874547252007,4
2070.0,134,59,0.0,14.779370227893347,3.8424909139203614,9.149253731343284,68.79225206500143,4
2071.0,133,60,0.0,13.068146792049053,3.5532176888930667,8.796992481203008,67.44779167768596,6
2072.0,133,59,0.0,14.180722448061685,3.4455775860028486,8.609022556390977,67.4447305726695,6
2073.0,134,59,0.0,13.689454643586183,3.497907501986167,8.365671641791044,67.66416501307214,6
2074.0,134,59,0.0,14.782752605080137,3.4579600730206557,8.186567164179104,67.6506237407513,7
2075.0,134,58,0.0,14.256946568092795,3.5423009546032596,8.022388059701493,68.37628367631824,6
2076.0,135,60,0.0,14.18197126551734,3.4645429858316126,7.807407407407408,67.6569631377491,7
2077.0,135,59,0.0,13.420104496739805,3.5896083138954946,7.666666666666667,68.37795098455045,5
2078.0,134,59,0.0,13.565829274093442,3.618852993443829,7.58955223880597,68.74144941333175,4
2079.0,135,64,0.0,13.418741711741314,3.4545905760401547,7.703703703703703,67.31036315045928,6
2080.0,133,62,0.0,13.500849943016457,3.420153421375689,7.714285714285714,67.57370923123072,5
2081.0,133,61,0.0,14.0312746588161,3.4606396323299484,7.887218045112782,68.30613101991025,5
2082.0,135,65,0.0,13.844508872926236,3.459614900178616,7.666666666666667,67.25076418949767,6
2083.0,135,63,0.0,13.77799091951456,3.4115430503592954,7.57037037037037,67.22868992548912,7
2084.0,135,61,0.0,13.857221897901036,3.418491962203395,7.474074074074074,67.21399239063031,8
2085.0,136,64,0.0,13.818591764289886,3.3892811678930483,7.617647058823529,67.44507499038802,6
2086.0,136,65,0.0,13.31540427644299,3.291701637485461,7.5588235294117645,67.27881073452966,7
2087.0,138,66,0.0,13.741695659314558,3.327663073461346,7.3768115942028984,67.03015257014829,9
2088.0,138,65,0.0,13.729490520046369,3.4467520891075565,7.3478260869565215,67.75942602201829,6
2089.0,138,66,0.0,13.742595200287179,3.3873318529955014,7.333333333333333,67.84034927900805,6
2090.0,139,66,0.0,13.7443146412028,3.48798552907636,7.496402877697841,68.07219361822767,6
2091.0,138,67,0.0,13.780884035024792,3.5157193742096786,7.550724637681159,68.40062203890017,5
2092.0,138,68,0.0,13.816135378764011,3.551475651975958,7.7898550724637685,68.6458348594108,5
2093.0,138,68,0.0,13.56746581089683,3.535455887600486,7.768115942028985,68.91418067316177,4
2094.0,137,68,0.0,13.839162274473347,3.4434499952726485,7.817518248175182,67.95301011339433,6
2095.0,137,68,0.0,13.657637796457857,3.4868593676102773,8.065693430656934,68.683812566806,5
2096.0,138,69,0.0,14.195090158881973,3.5130588751506306,8.021739130434783,68.90761061304731,5
2097.0,138,68,0.0,13.766735784936728,3.66970352021598,8.27536231884058,69.62736104781598,5
2098.0,137,69,0.0,13.44089148474077,3.5383343799307485,8.35036496350365,68.8116349484728,5
2099.0,135,68,0.0,13.611509800550177,3.4186576733828957,8.496296296296297,68.51180508294962,4
2100.0,136,68,0.0,13.47695791163633,3.4429039832582258,8.455882352941176,68.73527591013804,3
2101.0,136,67,0.0,13.878682654830108,3.4191394121883256,8.470588235294118,68.68090825496749,4
2102.0,136,66,0.0,13.872572409897112,3.545120478169294,8.492647058823529,69.40440043943406,3
2103.0,137,69,0.0,13.829923456860707,3.5689592659996006,8.693430656934307,69.615309815096,4
2104.0,136,69,0.0,13.53228292013989,3.569851269820508,9.25,68.85380929871565,4
2105.0,136,67,0.0,13.77288910895586,3.6254699120311322,9.264705882352942,69.57114911007534,4
2106.0,137,68,0.0,13.551997026405298,3.632515622075073,9.218978102189782,69.77732197368768,4
2107.0,138,66,0.0,13.809332222994636,3.7177608076084434,9.173913043478262,69.97745183211092,4
2108.0,136,65,0.0,13.914966286692112,3.6959551695167057,9.352941176470589,69.76287367644234,4
2109.0,136,65,0.0,15.740529574174433,3.7846179541984917,9.397058823529411,69.69375606182805,4
2110.0,136,66,0.0,16.175435089087113,3.7936453228009714,9.647058823529411,69.63130974916076,4
2111.0,136,67,0.0,15.737040081992745,3.8461236255442106,9.941176470588236,69.0934639630385,5
2112.0,134,65,0.0,16.125826533092184,3.7571134274380196,10.149253731343284,68.59262071163296,4
2113.0,134,64,0.0,16.521103486255743,3.888322145476623,10.238805970149254,69.29439186036508,3
2114.0,134,65,0.0,16.080245983297935,3.8195201663158604,10.544776119402986,69.23944660926213,4
2115.0,132,64,0.0,16.63978728491347,3.7011037981730244,10.795454545454545,69.474146972977,3
2116.0,132,62,0.0,15.295329298777505,3.6183806422799862,10.196969696969697,69.22387864323898,3
2117.0,131,61,0.0,16.534969774005003,3.5855531748535596,9.900763358778626,69.71877932599217,2
2118.0,130,60,0.0,15.33869249864947,3.61124971112324,9.76923076923077,69.98395249613297,2
2119.0,130,61,0.0,14.98898905692622,3.5777312910538965,9.584615384615384,69.95155242960898,3
2120.0,131,62,0.0,16.4254972405266,3.7080537912902565,9.335877862595419,70.12755486586572,3
2121.0,131,61,0.0,12.769016729202121,3.5691450790768404,9.16793893129771,69.82882596427378,4
2122.0,131,60,0.0,13.709166713035666,3.8458266526564113,8.961832061068701,70.53334331693068,3
2123.0,134,62,0.0,13.880409558513202,3.818232345548053,8.604477611940299,69.63822610666249,6
2124.0,133,59,0.0,13.791245249891654,3.847548011859288,8.518796992481203,70.14572028818915,6
2125.0,132,60,0.0,13.28463970576413,3.843410365236393,8.446969696969697,70.46690982450625,5
2126.0,135,64,0.0,13.854279281315394,3.8781839145320762,8.148148148148149,69.58420348685273,7
2127.0,134,60,0.0,13.331051054853015,3.884533705329249,8.08955223880597,70.0662248074518,6
2128.0,135,62,0.0,13.760439591109753,3.9024345993888447,7.911111111111111,69.30978532492291,8
2129.0,133,60,0.0,13.473449204908684,3.782630121048987,8.481203007518797,69.55819819590243,5
2130.0,133,61,0.0,13.322181615838781,3.8592780386268712,8.360902255639099,70.26340863953097,5
2131.0,134,64,0.0,13.771106762904674,3.8073094596197112,8.194029850746269,69.7139798945754,7
2132.0,134,62,0.0,13.75589056252502,3.8176124240556124,8.380597014925373,70.42617743032937,4
2133.0,130,62,0.0,13.00075113538187,3.647651083942056,8.538461538461538,69.90502216493137,4
2134.0,130,61,0.0,12.875324499001191,3.7338253176875846,8.438461538461539,70.62407646722703,2
2135.0,132,62,0.0,14.513467632670537,3.7933448743628655,8.469696969696969,70.25325281639432,4
2136.0,132,60,0.0,14.451103723707947,3.8380842236889317,8.356060606060606,70.9604990549724,4
2137.0,132,59,0.0,13.770281691343861,3.8841584766645174,8.242424242424242,71.66738782408412,2
2138.0,133,59,0.0,13.94261497255169,3.8561412231422345,8.06015037593985,71.82617808549784,3
2139.0,130,59,0.0,14.628992124653758,3.6555479559565294,8.13076923076923,71.3647669097916,4
2140.0,130,57,0.0,15.476918594965117,3.770853998131287,8.015384615384615,72.08030769065175,4
2141.0,131,58,0.0,14.134447716323065,3.771201460882273,7.8396946564885495,72.23362951674659,3
2142.0,131,58,0.0,14.646347700694912,3.78592621405674,8.01526717557252,72.09171107237918,4
2143.0,132,57,0.0,14.51065209152397,3.8506115055999546,7.840909090909091,72.24171283407388,5
2144.0,131,55,0.0,14.321064170969056,3.878634254724345,7.786259541984733,72.21765994296909,4
2145.0,132,56,0.0,15.76997145331219,3.9960277243922704,7.621212121212121,72.35769635016077,4
2146.0,131,56,0.0,14.684033166887442,3.907163767954453,8.099236641221374,71.44976464300261,5
2147.0,131,56,0.0,15.084743397200818,3.932885019625961,7.99236641221374,70.8657099559004,5
2148.0,130,54,0.0,14.285490697104146,3.955468103246294,7.938461538461539,71.24688691701749,4
2149.0,130,54,0.0,13.938202805218623,4.071902188439964,7.9,71.92941369301411,3
2150.0,130,55,0.0,14.79513646863887,4.151246713978793,8.046153846153846,71.3377687178323,4
2151.0,130,56,0.0,14.076488781525025,4.147054638736663,8.2,71.18015316666553,4
2152.0,129,58,0.0,15.004763908395747,4.061500092813716,8.705426356589147,70.30785088445165,4
2153.0,129,56,0.0,14.219588825586454,4.131830428217589,8.868217054263566,70.9866880773897,3
2154.0,128,58,0.0,13.811389414570295,4.031819926698093,9.109375,70.35173421228313,4
2155.0,128,60,0.0,13.862216091458686,4.05090639620447,9.5703125,70.01983585284502,5
2156.0,126,58,0.0,13.391210255539045,4.0759596202582715,9.722222222222221,69.92806765945045,4
2157.0,129,61,0.0,14.968242206624913,4.088843703095394,9.682170542635658,68.95112758703908,6
2158.0,129,60,0.0,13.872079303572157,4.084249888483428,9.875968992248062,68.803357845166,6
2159.0,130,62,0.0,14.875958834043907,4.1407139670413855,10.26923076923077,68.93890215446585,7
2160.0,130,59,0.0,13.52976986608954,4.056827220798059,10.0,69.61842693213848,6
2161.0,129,59,0.0,13.647563215438277,3.836711742800113,9.325581395348838,68.94884649628973,6
2162.0,130,59,0.0,13.369018258852885,3.715744122345788,9.038461538461538,68.31914666112488,8
2163.0,132,60,0.0,14.874453759184311,3.6599365525102208,8.704545454545455,67.98270849463358,7
2164.0,129,59,0.0,14.418427131758275,3.4799852927690553,8.720930232558139,67.64595428368267,6
2165.0,129,59,0.0,13.84878925732337,3.3757520345077667,8.527131782945736,67.39541803487609,6
2166.0,132,62,0.0,13.722898986865767,3.337395383719713,8.151515151515152,66.578725728083,9
2167.0,131,59,0.0,13.794702899209142,3.278112369472169,8.045801526717558,67.0330194212849,8
2168.0,132,61,0.0,13.644027988924563,3.305965260960984,7.833333333333333,67.25361661708607,7
2169.0,132,63,0.0,13.450784096463115,3.291943558339575,8.007575757575758,67.24611615113187,6
2170.0,133,63,0.0,14.980534223270418,3.3512395058686377,7.827067669172933,67.46740459972278,7
2171.0,133,63,0.0,13.837398895970546,3.3547321928023774,7.7218045112781954,67.434338619739,7
2172.0,134,65,0.0,13.409869351633825,3.3204091841127927,7.582089552238806,66.73412751698578,6
2173.0,134,65,0.0,13.721275593885139,3.3270860339373125,7.522388059701493,66.57938839920419,7
2174.0,134,69,0.0,13.894395873858594,3.3917308547111333,7.768656716417911,66.38457011910968,7
2175.0,133,66,0.0,13.737215243605897,3.3240848115276895,7.7593984962406015,66.11790554100239,7
2176.0,134,68,0.0,13.283214651606977,3.4026588963249056,7.940298507462686,66.3550172586782,7
2177.0,134,68,0.0,13.517556381737814,3.367422500549951,7.91044776119403,66.16802568159359,7
2178.0,134,68,0.0,13.874994543474168,3.4574351365907265,7.888059701492537,66.15082904574403,6
2179.0,133,69,0.0,13.86113789093215,3.397615135672136,8.18796992481203,66.46179684543775,5
2180.0,134,71,0.0,13.634957020962611,3.37560783400242,8.126865671641792,66.69804144408181,5
2181.0,135,69,0.0,13.882319998904132,3.390732050145045,8.044444444444444,66.93491476824802,5
2182.0,135,68,0.0,13.54569355524315,3.4453469930323037,8.28888888888889,67.2478696691075,5
2183.0,136,69,0.0,13.842140053841286,3.5716545071834913,8.227941176470589,67.46917684468508,5
2184.0,135,66,0.0,13.569294653460384,3.6619065488823312,8.451851851851853,68.29003097750005,4
2185.0,135,65,0.0,13.834978092671372,3.6564867531938203,8.392592592592592,68.11253858961904,5
2186.0,136,61,0.0,13.889549317397178,3.7050802435187604,8.264705882352942,68.31926212059892,5
2187.0,135,62,0.0,13.405957038607449,3.629639614484093,8.540740740740741,67.84776111002887,5
2188.0,135,61,0.0,13.608512775307542,3.726713126414751,8.725925925925926,68.56475774449417,4
2189.0,137,63,0.0,13.630667067172498,3.7478698958578036,8.554744525547445,68.26439330507948,5
2190.0,136,60,0.0,13.318862630475147,3.8181206442322537,8.566176470588236,68.22232038371226,5
2191.0,136,59,0.0,13.399358431436122,3.8865316859103625,8.507352941176471,68.92350524556457,4
2192.0,137,59,0.0,13.710714983614162,3.913869347106795,8.394160583941606,69.11638488338112,4
2193.0,136,58,0.0,13.274623272102327,3.835927005285464,8.397058823529411,68.8125208582118,4
2194.0,135,57,0.0,13.853422572580167,3.848696315300522,8.4,68.00959785341256,5
2195.0,134,56,0.0,13.496338418778032,3.8682527165085334,8.41044776119403,68.41926899693026,3
2196.0,134,57,0.0,13.765140818292275,3.83599715994749,8.365671641791044,67.84231743999912,4
2197.0,135,58,0.0,13.831000160169788,3.94405579191259,8.518518518518519,68.03555928404705,5
2198.0,134,55,0.0,13.862503098300659,4.02373752909105,8.544776119402986,68.47669679848964,4
2199.0,132,55,0.0,13.814037089794875,3.9961097283251577,8.643939393939394,66.91389693304953,4
2200.0,133,55,0.0,13.699490909092129,4.098113934693619,8.74436090225564,67.09146999548608,4
2201.0,131,54,0.0,13.712184361275286,3.9965489781606793,8.83969465648855,66.83121470159834,4
2202.0,132,56,0.0,13.814203353148965,4.051085476261903,8.75,67.00929700107365,4
2203.0,132,55,0.0,13.862176047614776,4.043027519903597,8.916666666666666,66.92440814828586,4
2204.0,133,55,0.0,13.402320629893802,4.119501183903659,8.819548872180452,67.1026861749758,5
2205.0,132,54,0.0,14.586485585157305,4.104260544969041,9.090909090909092,67.5526614688375,4
2206.0,133,56,0.0,13.89214985803701,3.9746243279159916,8.759398496240602,66.99375687259037,5
2207.0,133,52,0.0,13.878383946581744,4.080182257664564,8.24812030075188,67.67965791115745,5
2208.0,134,53,0.0,13.553957253904082,4.08239357429107,7.932835820895522,67.85491326944211,5
2209.0,134,55,0.0,14.378382251441025,3.988164418011327,7.701492537313433,66.90648097512526,6
2210.0,134,52,0.0,13.684484606085938,4.14673513817286,7.470149253731344,67.59022328284398,5
2211.0,134,52,0.0,13.875071978589155,4.099745597353476,7.246268656716418,67.56070557219893,6
2212.0,135,55,0.0,13.899343624338508,4.048283521954888,6.992592592592593,66.7759402423723,6
2213.0,135,55,0.0,13.753697645361536,4.039626729600414,6.807407407407408,66.52098564320119,7
2214.0,134,56,0.0,13.793983517220722,3.944608946787433,6.970149253731344,66.05564088604821,7
2215.0,134,54,0.0,14.177579989290344,3.8617940340008423,6.7835820895522385,66.03517266077998,6
2216.0,133,55,0.0,13.83415986490436,3.852184794830716,6.661654135338346,66.53830988805153,6
2217.0,132,56,0.0,14.270816518791499,3.9094701343501805,6.5606060606060606,66.78700755077189,5
2218.0,132,59,0.0,13.87918807528913,3.767809686715047,6.4772727272727275,65.82208913636497,5
2219.0,131,57,0.0,13.886857962328941,3.7852384881548993,6.717557251908397,66.33097904252907,4
2220.0,131,61,0.0,14.087522140314348,3.6344745886449514,6.877862595419847,65.38362211034982,5
2221.0,131,60,0.0,14.091155810450681,3.613326028931663,6.816793893129771,66.10231069632619,4
2222.0,129,58,0.0,14.550843968062209,3.580351133116792,6.844961240310077,66.18397840454892,4
2223.0,130,59,0.0,14.051613319042616,3.6330747088527793,6.730769230769231,66.38337851666455,5
2224.0,129,59,0.0,13.907484413340235,3.6381813487052153,6.728682170542636,66.9588872783725,3
2225.0,129,60,0.0,13.78662580900895,3.41393064200691,6.674418604651163,66.23663002109805,5
2226.0,130,59,0.0,13.817864635237493,3.5134757363640583,6.523076923076923,66.44417453877352,4
2227.0,129,60,0.0,13.87855882870499,3.527980938932218,6.821705426356589,67.23960169962126,4
2228.0,130,60,0.0,13.839532319433056,3.577457604763273,6.746153846153846,67.43439002153703,5
2229.0,130,61,0.0,13.728690796392039,3.6233248815080557,6.7384615384615385,67.19081500801619,5
2230.0,130,61,0.0,13.830690732086078,3.670698858183372,6.946153846153846,67.89910005335825,5
2231.0,131,62,0.0,13.817344750487246,3.676241316864366,6.893129770992366,68.08428363262766,4
2232.0,131,61,0.0,13.655016694660299,3.6733943772734983,6.900763358778626,67.95480040969598,4
2233.0,130,61,0.0,13.634960093158991,3.6866223851764324,7.2153846153846155,67.89392206921288,4
2234.0,130,60,0.0,13.539877383127571,3.6732194125065165,7.2153846153846155,67.3003881586742,4
2235.0,130,59,0.0,13.18507124108728,3.7557225936013476,7.2153846153846155,68.00180289212084,3
2236.0,130,58,0.0,13.890013210684993,3.755472574933069,6.976923076923077,67.41392438031134,4
2237.0,131,58,0.0,14.000803865303368,3.8706409779786157,6.969465648854962,67.58701292559468,4
2238.0,131,57,0.0,14.18080845211827,3.9419764167437563,6.969465648854962,68.27710283779994,3
2239.0,132,58,0.0,13.521608138550073,3.8970207217675905,6.946969696969697,67.67265611992876,5
2240.0,132,54,0.0,13.225918105514602,3.9869514321256276,6.992424242424242,68.36071091244617,4
2241.0,130,53,0.0,13.72197571429424,3.976760218948679,7.138461538461539,68.45378683555336,4
2242.0,130,55,0.0,13.642230816067926,4.073466140102834,7.369230769230769,67.83780073150962,4
2243.0,130,55,0.0,13.478906376380474,4.076724922884567,7.492307692307692,67.23992743791197,4
2244.0,131,54,0.0,14.575249412812397,4.160061385835655,7.66412213740458,67.39025787885164,5
2245.0,130,55,0.0,14.396999608714879,4.18545525900885,7.976923076923077,67.29872615733508,3
2246.0,130,56,0.0,13.610856006842852,4.066039084915802,8.223076923076922,66.37931119734048,5
2247.0,131,55,0.0,13.43970278989412,4.082098524602261,8.572519083969466,66.54708955834445,6
2248.0,131,57,0.0,14.024430243846775,4.102952752783802,8.82442748091603,66.20495253395248,6
2249.0,132,56,0.0,13.742369449570589,4.091838024139317,9.0,66.37739940856005,6
2250.0,132,57,0.0,13.996047583584488,4.010269201838819,9.265151515151516,66.30782484362358,6
2251.0,133,56,0.0,14.548104038521462,3.936442453494584,8.954887218045112,66.49659445804666,7
2252.0,131,57,0.0,14.013244601388013,3.762563840161647,8.877862595419847,65.5306040298443,6
2253.0,131,56,0.0,14.891500003741868,3.865307726220733,8.664122137404581,66.23388779843708,5
2254.0,132,56,0.0,14.892984107778222,3.884015509650731,8.393939393939394,66.42438708772022,5
2255.0,131,58,0.0,14.774791061588378,3.8144076587280287,8.282442748091603,66.11901952345293,5
2256.0,132,59,0.0,15.003063061845026,3.7567944029158453,8.06060606060606,65.36534948086135,6
2257.0,132,58,0.0,14.401737240215883,3.7450631779224457,7.909090909090909,65.276125427518,6
2258.0,132,57,0.0,14.508903366149026,3.925951240004838,7.757575757575758,65.97604313185451,5
2259.0,133,60,0.0,14.66161894051127,3.898292185895479,7.849624060150376,65.53720544728483,7
2260.0,133,61,0.0,14.701154847794696,3.8091779087574706,7.7293233082706765,65.31148123378136,7
2261.0,134,63,0.0,14.349105100010073,3.8416604194891577,7.858208955223881,65.5233105365603,7
2262.0,134,63,0.0,15.64408486951377,3.850860018506026,7.768656716417911,65.3239528821575,6
2263.0,135,63,0.0,14.955791187079175,3.9130852559155502,7.62962962962963,65.53138220469533,6
2264.0,135,63,0.0,15.678287534627614,3.854914606153298,7.548148148148148,65.85399440747726,7
2265.0,135,62,0.0,14.998548200100212,3.845008980105138,7.466666666666667,65.65514556544417,6
2266.0,133,61,0.0,14.779067551323696,3.802848749582011,7.496240601503759,66.0793891180134,5
2267.0,135,62,0.0,14.41969808119118,3.8437447547994394,7.296296296296297,65.79081798007915,6
2268.0,133,60,0.0,13.83694311042782,3.8773772240846633,7.315789473684211,65.6702956022165,5
2269.0,131,59,0.0,13.726463528443128,3.840771562694397,7.343511450381679,66.0301151059224,4
2270.0,131,61,0.0,13.68183655696921,3.775795260588243,7.541984732824427,66.25055723344013,4
2271.0,132,61,0.0,13.818169429176487,3.84494381676204,7.681818181818182,66.44744580321071,4
2272.0,130,59,0.0,13.580908537469805,3.8371093958124916,7.707692307692308,67.41760330374073,4
2273.0,131,60,0.0,14.169554339276745,3.915043865192945,7.824427480916031,67.59288137349775,3
2274.0,131,59,0.0,13.962488031105257,3.8808162448317804,7.7251908396946565,67.8908431796802,4
2275.0,132,58,0.0,13.916170105312139,3.8826789715193892,7.590909090909091,68.06957220853818,5
2276.0,131,58,0.0,13.68497402695939,3.854869706975292,7.824427480916031,67.15817783241279,5
2277.0,131,58,0.0,13.845725906756707,3.8813978375815523,8.0,67.0545795320817,5
2278.0,131,59,0.0,13.380576782487333,3.972166682671762,7.931297709923665,67.74809073851857,5
2279.0,131,59,0.0,13.64197204282973,4.000618706838091,7.877862595419847,67.63580270369697,5
2280.0,131,57,0.0,13.911026838730598,4.043712656035233,7.801526717557252,68.32336596763137,4
2281.0,130,59,0.0,13.677187649975531,3.8609180508399374,8.038461538461538,66.1372546711614,5
2282.0,130,56,0.0,14.060938379756683,3.942918851639751,7.969230769230769,66.83152824803939,4
2283.0,130,56,0.0,13.684492110833526,3.999285858913295,7.915384615384616,67.5214995463243,3
2284.0,132,57,0.0,13.787201374862343,3.985499904079889,7.742424242424242,67.17770545047033,5
2285.0,130,55,0.0,13.850233867857606,3.9509603987655213,7.815384615384615,66.83354675370695,4
2286.0,130,53,0.0,13.762386829103344,4.028630466422311,7.776923076923077,67.51889467687299,4
2287.0,132,56,0.0,13.70873894749675,4.099895963405359,7.871212121212121,67.16440384680311,4
2288.0,131,54,0.0,13.695317440410145,4.150916534094048,7.900763358778626,67.6404227359756,4
2289.0,131,54,0.0,13.8511910158908,4.274313919056309,7.862595419847328,67.56739473730612,5
2290.0,130,53,0.0,13.261602357123047,4.228818456937545,7.892307692307693,66.1908479012289,4
2291.0,129,53,0.0,13.855029675737024,4.33162454859036,8.124031007751938,66.62195947276862,4
2292.0,129,52,0.0,13.852030382817611,4.405394856105327,8.085271317829458,66.48063874783189,5
2293.0,130,53,0.0,13.819270735117607,4.368157571995034,8.423076923076923,66.62319342383624,4
2294.0,130,56,0.0,13.755092783109285,4.317087133778117,8.846153846153847,66.30851877389895,5
2295.0,129,55,0.0,13.866332227922976,4.240714404592272,9.333333333333334,66.50603787613407,4
2296.0,130,57,0.0,13.875006146822125,4.1449001986923495,9.015384615384615,65.92154656816271,5
2297.0,132,57,0.0,13.89184989836067,4.107188442017858,8.659090909090908,65.58919439466416,7
2298.0,130,55,0.0,13.784593095281162,3.960465977966928,8.576923076923077,65.61348187667704,6
2299.0,130,58,0.0,13.83599260575138,4.027513790865626,8.392307692307693,65.56235891977354,6
2300.0,129,60,0.0,13.491044474043884,3.8602106283829913,8.279069767441861,64.30053487761407,7
2301.0,131,60,0.0,13.801207653805614,3.841843785073214,7.984732824427481,64.00697299947426,9
2302.0,131,58,0.0,13.68323909174651,3.8745534270660604,7.816793893129771,64.70276602310354,7
2303.0,131,58,0.0,13.360042934748344,3.813619643209337,7.648854961832061,64.42980370315853,6
2304.0,133,61,0.0,13.897677173814737,3.8521453469204294,7.676691729323308,64.14282777881571,8
2305.0,132,60,0.0,13.4237591706682,3.8173559429796686,7.893939393939394,64.37770393457501,7
2306.0,132,60,0.0,13.438420946220868,3.7877238250339897,7.78030303030303,65.07867984578894,5
2307.0,133,62,0.0,13.703250310360454,3.766688981126784,7.609022556390977,65.28605666939804,4
2308.0,130,62,0.0,13.556237964867615,3.6200416815001963,7.969230769230769,65.16779069872943,4
2309.0,132,65,0.0,13.805225454829634,3.579711912937854,7.765151515151516,64.88810573213433,5
2310.0,132,64,0.0,13.383520283014514,3.5965482521437258,7.696969696969697,65.60929640778612,3
2311.0,129,64,0.0,13.68894334670622,3.452835706976076,7.821705426356589,65.76397447230545,3
2312.0,131,66,0.0,13.806830842141062,3.4465689996540485,7.916030534351145,65.4739473426819,5
2313.0,129,63,0.0,12.857241474016519,3.355749179158818,7.984496124031008,65.60444394055419,4
2314.0,129,64,0.0,13.315840983041562,3.425065337969299,7.930232558139535,66.33628037125521,4
2315.0,129,66,0.0,13.472594501840831,3.3548641066166827,7.891472868217054,66.15698070909707,4
2316.0,129,62,0.0,13.58241466448544,3.4553202664759204,7.844961240310077,66.88911252897972,4
2317.0,129,63,0.0,13.553569446810723,3.532145336950305,8.069767441860465,67.61203614390104,4
2318.0,131,65,0.0,14.344061923941583,3.571607117640289,7.908396946564886,67.28818581385096,4
2319.0,130,62,0.0,14.526415226335622,3.674625990285107,7.930769230769231,67.64021533544896,4
2320.0,130,62,0.0,12.734574528038502,3.775768527320292,8.138461538461538,68.34604070202477,4
2321.0,132,64,0.0,13.441005844133906,3.7584541153384814,7.9772727272727275,68.00663572851508,4
2322.0,131,61,0.0,13.881110219960101,3.818318992697599,8.0,68.86016198752043,4
2323.0,131,62,0.0,13.397444906504825,3.8494973225830305,7.961832061068702,68.41108093869819,5
2324.0,131,62,0.0,14.07135652158185,3.837809432660956,7.9541984732824424,68.21246388041024,4
2325.0,131,61,0.0,14.019936944556042,3.927224421037542,8.419847328244275,68.914254599046,4
2326.0,131,62,0.0,13.680249260765702,4.030786328415947,8.404580152671755,69.6077127972712,4
2327.0,132,64,0.0,14.377495580434418,4.058671269876323,8.333333333333334,69.03117431967391,4
2328.0,131,62,0.0,14.307709971547677,4.055774801718769,8.404580152671755,68.9814771375153,4
2329.0,129,60,0.0,13.784288875502535,4.044319007555857,8.527131782945736,68.65643091416264,3
2330.0,130,62,0.0,13.806121772364737,4.003706090207519,8.461538461538462,67.99933304809859,4
2331.0,129,60,0.0,13.876732005336917,4.08877046517423,8.790697674418604,68.40396889371706,4
2332.0,128,58,0.0,13.973129261785738,4.207681945022225,8.859375,68.30136052613042,4
2333.0,129,60,0.0,13.93744647435462,4.223027856698837,8.984496124031008,67.67042232951222,4
2334.0,128,57,0.0,13.84101620267611,4.320842137907408,9.046875,68.11789299444965,4
2335.0,129,59,0.0,14.194655544695063,4.337996441126831,9.232558139534884,68.24787284520909,5
2336.0,129,59,0.0,13.491574492829471,4.231687354610698,9.232558139534884,68.03617853434122,4
2337.0,128,57,0.0,13.891719673620537,4.295563584770549,9.3125,67.91887766100878,4
2338.0,129,58,0.0,14.031048410304441,4.394176070394347,9.44186046511628,68.04990895490293,5
2339.0,129,59,0.0,14.185059141472532,4.198668578787835,9.651162790697674,66.66050097419514,5
2340.0,128,58,0.0,14.340159672394014,4.189844242760786,9.9453125,66.78839272168909,5
2341.0,129,62,0.0,14.45930273111851,4.086022285612797,9.651162790697674,65.402515127935,7
2342.0,128,58,0.0,13.607771184272156,4.0337082218562355,9.5078125,65.855237338545,6
2343.0,128,59,0.0,14.046733191132164,3.9380692513225646,9.2890625,65.50227983154672,7
2344.0,127,60,0.0,13.878136450582076,3.87233394140205,9.173228346456693,64.88935530715855,7
2345.0,128,59,0.0,13.567092779677658,3.9004120677786487,8.921875,65.07184108418096,6
2346.0,126,58,0.0,13.280660555836514,3.775553118220476,8.88888888888889,64.98259558958152,6
2347.0,128,61,0.0,13.383067368972116,3.7306246767598106,8.5859375,63.91900130824404,6
2348.0,129,59,0.0,14.128146004209995,3.7621970181123445,8.364341085271318,64.12341417954342,7
2349.0,129,61,0.0,13.239473738451489,3.686556591648487,8.534883720930232,64.20990462103995,7
2350.0,129,61,0.0,13.872211533318044,3.6961218930061017,8.395348837209303,63.9627527155911,7
2351.0,128,60,0.0,13.214561363658868,3.748279419872938,8.3359375,64.696598566167,6
2352.0,128,63,0.0,13.471436635218561,3.6071507922840635,8.5234375,64.43146872733655,7
2353.0,129,63,0.0,13.860584751330316,3.620583957931332,8.348837209302326,64.64193610235981,5
2354.0,130,63,0.0,13.77485994058545,3.6779914900954527,8.192307692307692,64.84989476717996,5
2355.0,129,61,0.0,13.44609284272767,3.7304317767733983,8.162790697674419,65.11022633024388,4
2356.0,129,59,0.0,13.901010230950781,3.8335416410914034,8.046511627906977,65.81189661975077,3
2357.0,130,60,0.0,13.724652805224762,3.9281465622349723,7.892307692307693,65.99239440383961,4
2358.0,130,60,0.0,14.236102861048423,3.8921400251073948,8.076923076923077,65.93978967317231,4
2359.0,129,60,0.0,13.374686090950854,3.9654355622229334,8.03875968992248,66.73668751063674,3
2360.0,129,59,0.0,13.391113816155121,3.86543237411637,7.930232558139535,66.9724608915564,3
2361.0,129,61,0.0,13.820272064511665,3.853406436614888,8.108527131782946,67.18717046443162,4
2362.0,126,59,0.0,13.93789458714775,3.756800222777327,8.19047619047619,66.61787696097993,4
2363.0,126,61,0.0,13.943567939986245,3.6841261242869057,8.079365079365079,65.81779105865037,5
2364.0,126,58,0.0,13.314381077610545,3.80036939997342,7.968253968253968,66.52146756875524,4
2365.0,125,57,0.0,14.09731189822662,3.8199476846722877,8.208,67.29564544732855,4
2366.0,126,61,0.0,13.440894016623497,3.757331669786248,8.325396825396826,66.63524910771338,5
2367.0,126,57,0.0,13.904449126365128,3.8981890196657023,7.968253968253968,67.33300690410651,4
2368.0,127,59,0.0,15.432783992142744,3.9994812445908883,8.094488188976378,67.4821434921029,5
2369.0,128,57,0.0,15.260731661781996,4.012345707687996,7.9296875,67.63368748214646,4
2370.0,128,56,0.0,15.469515947318964,4.058087073880394,8.109375,68.3211036804271,4
2371.0,129,57,0.0,14.132941253992126,4.111629408883879,7.961240310077519,68.46726355114411,5
2372.0,130,55,0.0,15.043374565799118,4.219578228452674,7.792307692307692,68.60857773822407,4
2373.0,129,57,0.0,14.16882834559898,4.321027597464317,8.03875968992248,68.55186336635283,4
2374.0,129,57,0.0,14.49688657761271,4.22958105611502,7.953488372093023,67.20270756732835,5
2375.0,129,55,0.0,13.406191889056936,4.316106256349566,7.89922480620155,67.87409861892218,4
2376.0,127,53,0.0,13.36042705615714,4.289379524367869,7.968503937007874,67.5585214919035,4
2377.0,128,53,0.0,14.629941019436426,4.45107572916787,7.8671875,67.68215325239245,4
2378.0,125,52,0.0,13.285814420885593,4.380790505647743,8.016,66.40671894863546,3
2379.0,126,53,0.0,13.583575757197105,4.5226201497524725,7.936507936507937,66.52727289786269,4
2380.0,126,56,0.0,13.76977162596304,4.512792420821516,8.373015873015873,66.37733515684212,3
2381.0,126,55,0.0,13.817982640909031,4.455718542329289,8.579365079365079,66.24945271753069,4
2382.0,125,57,0.0,13.702362263435498,4.333736453843777,9.096,65.31533266930936,5
2383.0,125,57,0.0,13.502868678513915,4.313905788082353,9.544,65.17672675615701,5
2384.0,126,60,0.0,13.521636125375517,4.2780942651438085,9.928571428571429,64.33649399327534,7
2385.0,127,60,0.0,13.831609651306644,4.21918923620378,10.31496062992126,64.49912662575974,7
2386.0,127,61,0.0,13.74988159494842,4.166465807185174,10.078740157480315,64.20541551626752,7
2387.0,127,60,0.0,13.813637359626592,4.124614108604607,9.850393700787402,63.92831159216017,7
2388.0,127,62,0.0,13.667867548455433,3.9304159237757523,9.62992125984252,62.15533642358471,9
2389.0,128,60,0.0,15.274074897888445,3.960712439257207,9.3515625,62.360272100145124,9
2390.0,127,58,0.0,13.583950974140317,3.980024178656064,9.236220472440944,62.76715046686783,7
2391.0,127,60,0.0,13.737711342125882,3.9490095790026305,9.062992125984252,62.730453870536515,7
2392.0,128,62,0.0,13.861349846562371,3.840443361179488,8.8203125,61.23680921789766,9
2393.0,128,58,0.0,13.891410261602141,3.9494853495986257,8.6484375,61.93523784610322,8
2394.0,128,61,0.0,13.493844676855952,3.810946559404164,8.5,61.673062268413354,6
2395.0,130,62,0.0,13.874313681479544,3.8264103430196124,8.246153846153845,61.414129044516535,7
2396.0,130,61,0.0,13.860359145770781,3.924761068634098,8.430769230769231,62.11141175066312,7
2397.0,130,63,0.0,13.697226242139005,3.783091479342553,8.315384615384616,61.4136532039553,8
2398.0,131,63,0.0,13.786268233637843,3.8119075893374803,8.145038167938932,61.64402927306942,6
2399.0,130,61,0.0,13.851684546540492,3.7198727855329787,8.107692307692307,62.12710728060336,6
2400.0,132,65,0.0,13.673735238355585,3.617437291294129,8.166666666666666,61.00138797247921,8
2401.0,133,64,0.0,13.721858052629978,3.6580181428514,8.015037593984962,61.255483664181405,7
2402.0,131,64,0.0,13.600269649038092,3.5127862724728,8.053435114503817,61.57446241480141,7
2403.0,130,65,0.0,13.579956551641226,3.399957894703566,8.038461538461538,61.4854788494523,6
2404.0,130,65,0.0,13.622650638432242,3.3994688245997757,8.246153846153845,61.76594831259542,6
2405.0,130,66,0.0,13.68608849667944,3.4123376488917203,8.476923076923077,62.06415706152156,7
2406.0,130,65,0.0,13.890798246115446,3.5802126856979095,8.423076923076923,62.79082129327855,4
2407.0,131,67,0.0,14.192162364983508,3.508627194972773,8.305343511450381,62.120635545675974,5
2408.0,130,65,0.0,14.267556924914517,3.6009131076523713,8.330769230769231,62.857609884195654,5
2409.0,130,64,0.0,13.851497677597218,3.6432127682858964,8.26923076923077,63.57914090380955,4
2410.0,131,65,0.0,13.71515636376571,3.592973237200743,8.16793893129771,62.938233628745515,5
2411.0,130,63,0.0,13.898585783643648,3.6312137937482145,8.192307692307692,63.34927454197467,4
2412.0,129,62,0.0,13.80142455331699,3.6611391333183074,8.217054263565892,63.23587434499173,4
2413.0,131,63,0.0,13.659488423238509,3.63628152345978,8.045801526717558,62.97392175319175,4
2414.0,129,60,0.0,13.610440582253382,3.5976912409751023,8.124031007751938,62.56762207197235,4
2415.0,130,61,0.0,14.031714769352899,3.611622383355759,8.261538461538462,62.800867437071844,5
2416.0,130,61,0.0,13.967350433027411,3.616073193894179,8.215384615384615,62.73172970137228,4
2417.0,131,62,0.0,13.736756036500447,3.7730372871340685,8.618320610687023,62.95068610198716,5
2418.0,130,61,0.0,14.177675447456116,3.838472098048714,8.638461538461538,63.367792736899105,5
2419.0,131,63,0.0,14.173238334461155,3.8345790453005595,8.541984732824428,62.798437067039515,5
2420.0,131,60,0.0,13.8961355601028,3.8634906645688907,8.51908396946565,63.50062210326307,5
2421.0,130,58,0.0,13.977146703988353,3.9282201137770567,8.569230769230769,63.915164900157556,4
2422.0,131,60,0.0,13.251915346225724,3.978947167244381,8.725190839694656,64.11004320142305,4
2423.0,131,58,0.0,13.911524297897817,4.000861583158332,8.725190839694656,63.555235022552964,4
2424.0,130,57,0.0,13.329523101468304,4.006670222204838,9.023076923076923,63.46000267667704,4
2425.0,130,57,0.0,13.757047026278451,4.021434575008447,9.03076923076923,62.841833042384444,3
2426.0,129,55,0.0,14.099052059679332,4.085578804699743,9.30232558139535,62.68100957339597,3
2427.0,130,57,0.0,13.54180184621364,4.053648709751167,9.238461538461538,61.915393066152404,5
2428.0,130,55,0.0,13.698549828119576,4.063736259432993,9.453846153846154,62.60326333723726,4
2429.0,128,57,0.0,13.210483015273915,3.888733714596455,9.828125,61.843075049874656,4
2430.0,128,57,0.0,14.4399106335184,3.8659202532434307,10.0625,61.57506454680066,5
2431.0,128,56,0.0,13.860416867397726,3.8258982499939496,9.6015625,61.49573137449434,5
2432.0,127,56,0.0,14.480396615905727,3.761134397742307,9.433070866141732,61.92279076362975,5
2433.0,128,58,0.0,14.226531139929818,3.6148360581017345,9.125,61.1874460526037,5
2434.0,129,57,0.0,13.954434179310725,3.6801739977842343,8.844961240310077,61.4222657075713,6
2435.0,128,56,0.0,13.59699390347644,3.650773910788206,8.7109375,61.64397005682143,5
2436.0,129,61,0.0,14.696565102399447,3.4937367541163833,8.457364341085272,60.384711622902216,7
2437.0,130,59,0.0,14.536582212795931,3.551388713425317,8.215384615384615,60.64042274002995,7
2438.0,130,61,0.0,13.1126937286381,3.5361210032315262,8.376923076923077,60.62039870788172,8
2439.0,132,63,0.0,13.908671723303943,3.5680795405712056,8.401515151515152,60.41500028311722,8
2440.0,132,62,0.0,13.65934257148765,3.6181229316901145,8.265151515151516,60.34654962386293,8
2441.0,132,61,0.0,13.646642476296984,3.657569190574601,8.136363636363637,61.06382723633167,8
2442.0,133,64,0.0,13.501755325682462,3.5795659741091423,7.947368421052632,60.44316270546945,7
2443.0,134,63,0.0,13.588081363332458,3.64988403962261,7.776119402985074,60.7046205629692,7
2444.0,133,61,0.0,13.761731099896133,3.6123862855850746,7.7218045112781954,60.97140777036521,6
2445.0,133,62,0.0,13.867701473273337,3.6578679265667624,7.616541353383458,60.955235672725735,5
2446.0,132,62,0.0,13.843495888845064,3.579518174228062,7.583333333333333,60.929260173446174,5
2447.0,131,61,0.0,13.728106348984875,3.545125745841542,7.541984732824427,61.21026927900247,5
2448.0,132,63,0.0,13.082021004505567,3.5494095282119824,7.409090909090909,61.46566911277665,4
2449.0,132,63,0.0,13.803320004469015,3.486195221496219,7.333333333333333,61.72416453032971,4
2450.0,130,61,0.0,13.193181398767047,3.4566668015510973,7.6461538461538465,61.53878626949131,4
2451.0,131,63,0.0,13.689426073431969,3.4557802507764417,7.793893129770993,61.79427056095377,4
2452.0,131,60,0.0,13.527686033258215,3.6378588111884635,7.709923664122138,62.51235727136889,3
2453.0,132,62,0.0,13.665114224632271,3.745363063730717,7.583333333333333,62.74352241339831,4
2454.0,132,61,0.0,13.885997693380341,3.7695978530931713,7.5,62.52400912790093,4
2455.0,131,61,0.0,13.836444727354683,3.6515690048526284,7.4961832061068705,62.83447710084911,4
2456.0,131,58,0.0,13.808822962781415,3.763849442597765,7.458015267175573,63.545814959838886,4
2457.0,132,61,0.0,13.878151098708623,3.775784566411858,7.636363636363637,63.76598814146435,4
2458.0,133,61,0.0,13.618016239465215,3.867976515458465,7.774436090225564,63.98098111651648,5
2459.0,133,58,0.0,13.649572530505248,4.048859086232274,7.7293233082706765,64.66879655901357,4
2460.0,134,60,0.0,13.844884599768557,4.089177068643326,7.865671641791045,64.86316523354029,4
2461.0,134,59,0.0,13.845781509159133,4.168062726004276,7.8283582089552235,64.32459725580873,4
2462.0,133,58,0.0,13.351782159507275,4.106179184831294,7.87218045112782,64.74723375828262,4
2463.0,132,57,0.0,13.35079397119116,4.17140157897868,7.924242424242424,65.10836907696728,3
2464.0,132,57,0.0,13.837314085429535,3.9946937657890347,7.901515151515151,63.32948481068624,4
2465.0,131,56,0.0,13.609028358221986,4.0218564188791,7.9541984732824424,63.69803026105785,4
2466.0,131,57,0.0,13.295742355496623,3.9110128928089907,7.961832061068702,62.638502592702686,5
2467.0,130,56,0.0,13.782202965207398,3.9356047247523662,8.26923076923077,63.04590441526045,4
2468.0,129,55,0.0,13.730306127783843,4.023188907405952,8.348837209302326,63.441389488620544,4
2469.0,130,58,0.0,13.86899694739841,3.9634149410624855,8.476923076923077,62.82990493374526,6
2470.0,130,55,0.0,13.78447210600134,4.123952208956523,8.492307692307692,63.51318643104679,4
2471.0,129,55,0.0,13.778045645658858,4.067612983630131,8.55813953488372,62.84716932848104,5
2472.0,130,55,0.0,13.657824212044533,4.197111455895593,8.669230769230769,63.03517123162051,4
2473.0,130,56,0.0,13.802303038906865,4.181661319156191,9.092307692307692,63.715896995050024,4
2474.0,132,59,0.0,13.621694847219624,4.138570990317348,9.378787878787879,63.41952793419017,6
2475.0,132,58,0.0,13.740066268341616,4.136153276263514,9.818181818181818,64.1038314579135,4
2476.0,130,58,0.0,13.686444836878218,4.027935799220531,9.73076923076923,64.10740860658908,4
2477.0,131,63,0.0,13.793184074899182,3.851952378717614,9.450381679389313,62.65630885330497,6
2478.0,131,62,0.0,13.664252791297622,3.8258819975374743,9.259541984732824,62.58764434030103,6
2479.0,130,61,0.0,13.576339158322662,3.7763042593711353,9.146153846153846,62.857805401244626,6
2480.0,131,61,0.0,13.463309855177068,3.5781798822969204,8.870229007633588,61.44446467390584,7
2481.0,131,61,0.0,13.615625695534982,3.500038376360434,8.694656488549619,61.411292475446636,8
2482.0,130,61,0.0,13.672123108501546,3.513464608985058,8.6,61.86698263382686,8
2483.0,131,64,0.0,13.538607067332231,3.5114168911345485,8.412213740458014,62.114817317613515,6
2484.0,133,66,0.0,13.595791394100525,3.506519247682724,8.18796992481203,61.892840928999064,7
2485.0,132,63,0.0,13.727841904691534,3.6054838796789834,8.143939393939394,62.21815235843692,7
2486.0,131,65,0.0,13.60958678086754,3.57084600472168,8.412213740458014,62.571794426951136,4
2487.0,131,64,0.0,13.196012211800278,3.474940897738627,8.305343511450381,62.56620751749075,4
2488.0,132,66,0.0,13.212764226658951,3.4208105862525233,8.431818181818182,62.138245569785326,6
2489.0,132,63,0.0,13.897772149858065,3.512085643748926,8.333333333333334,62.86380766093092,5
2490.0,132,65,0.0,13.457798911351711,3.539609424042877,8.265151515151516,63.58264447981235,3
2491.0,132,67,0.0,12.740351372025907,3.387704409363731,8.196969696969697,63.41496810753678,5
2492.0,131,64,0.0,12.981348390977733,3.4373796763629123,8.183206106870228,63.766722384622554,5
2493.0,132,66,0.0,13.498959067203412,3.4834202445691433,8.340909090909092,63.99960108567776,5
2494.0,132,65,0.0,13.742939808615484,3.485789860036285,8.265151515151516,63.86323353737375,4
2495.0,131,64,0.0,13.866407854342834,3.512726284054791,8.274809160305344,64.6527283458228,4
2496.0,131,66,0.0,13.148590218949414,3.4082246170133184,8.488549618320612,63.70167016475884,6
2497.0,130,62,0.0,13.093381193072075,3.433684611108768,8.484615384615385,64.53917435485127,4
2498.0,130,63,0.0,12.898584069800798,3.528921462973244,8.692307692307692,65.26517206788934,4
2499.0,130,63,0.0,13.069325298513286,3.59920469341977,8.638461538461538,65.98953794300103,3
2500.0,132,65,0.0,13.831533906143159,3.704630732799742,8.454545454545455,65.6918750661807,4
2501.0,131,61,0.0,13.287702538018854,3.710978238038996,8.458015267175572,66.53875529930387,4
2502.0,131,62,0.0,13.897667249641382,3.7626026850772734,8.404580152671755,67.25000110511525,2
2503.0,133,64,0.0,13.477091716346331,3.7902616444606454,8.488721804511279,66.93362419575259,4
2504.0,131,61,0.0,13.739080563862808,3.75682533339415,8.572519083969466,66.56441829562385,4
2505.0,131,60,0.0,13.764857591688633,3.8534411530521533,8.526717557251908,67.27312465735844,4
2506.0,131,62,0.0,13.54229324925691,3.7222588511327523,8.488549618320612,65.43056876846342,4
2507.0,130,61,0.0,13.640448317606934,3.841890478749182,9.023076923076923,65.84022424028329,4
2508.0,131,62,0.0,13.644910835521296,3.860442509066258,8.916030534351146,66.03797306234155,5
2509.0,131,61,0.0,13.702554164314643,3.8950568945087234,8.877862595419847,65.90345382700643,4
2510.0,130,61,0.0,13.565727742598392,3.9052775400320754,9.161538461538461,66.28269751681712,4
2511.0,130,59,0.0,13.848114428902045,4.011026644871752,9.115384615384615,66.978848187724,4
2512.0,130,61,0.0,13.355909186857753,3.963682998155359,9.338461538461539,66.85103314377423,3
2513.0,130,61,0.0,14.758678339188378,3.965607463820086,9.315384615384616,66.33800262011584,4
2514.0,130,59,0.0,13.280374964792282,4.046522769928066,9.284615384615385,67.02997845815214,3
2515.0,129,61,0.0,13.77029935582541,4.073168812946431,9.573643410852712,66.47940444133896,3
2516.0,128,58,0.0,13.501923175039702,4.1546057250979676,9.59375,66.74898789993836,3
2517.0,128,58,0.0,13.67461305516772,4.13547742216314,9.5390625,66.63138174260774,4
2518.0,127,56,0.0,13.729084496828728,4.1671493520142295,9.598425196850394,67.02845162118905,3
2519.0,127,57,0.0,13.751141771185212,4.154703644997905,9.826771653543307,66.74730597961191,3
2520.0,126,57,0.0,13.894744505151175,4.102048232564487,10.119047619047619,67.1485346004622,3
2521.0,124,56,0.0,13.764148856024258,4.0115312840827135,10.008064516129032,67.09075425378617,2
2522.0,126,57,0.0,13.854769944306463,4.093988251406054,9.579365079365079,66.69649030554798,4
2523.0,127,56,0.0,13.79144015358761,3.973353290330023,9.244094488188976,66.02771120306436,5
2524.0,127,55,0.0,13.180606189044193,4.016955450295536,9.015748031496063,66.72059417502554,5
2525.0,127,56,0.0,14.473675752517165,3.995350585933949,8.803149606299213,66.58920009330896,5
2526.0,129,57,0.0,13.835722418944352,3.946824306324311,8.472868217054264,66.23617476543394,7
2527.0,127,56,0.0,13.879822473251261,3.8821548693727723,8.4251968503937,66.26860192949208,7
2528.0,126,57,0.0,13.744509259914048,3.9110060760613963,8.317460317460318,66.69341623714169,5
2529.0,128,57,0.0,14.171131145606854,3.883932271071723,8.015625,66.33534876036956,5
2530.0,128,56,0.0,13.008873699326069,3.8079264709063247,7.859375,66.22220634319461,6
2531.0,128,56,0.0,13.718547976901755,3.7839881573775664,7.703125,65.98153318275406,6
2532.0,128,56,0.0,13.846079392917455,3.746628250035319,7.5625,65.73392507437494,5
2533.0,127,56,0.0,13.893489782093093,3.7756024512523294,7.755905511811024,66.15069381059207,5
2534.0,126,57,0.0,13.691406834847294,3.8932090983069356,7.992063492063492,66.57160156782312,5
2535.0,126,59,0.0,13.869547914690338,3.693417358063146,7.849206349206349,65.51538217754789,5
2536.0,126,56,0.0,14.432739897463582,3.8050702481888186,7.722222222222222,66.21881760847664,4
2537.0,124,55,0.0,14.804969117894746,3.6944846215864744,7.709677419354839,66.24188363794167,3
2538.0,125,57,0.0,13.881961344950833,3.673185097220299,7.512,65.49586494024933,4
2539.0,125,55,0.0,13.695019826276964,3.7811363199672736,7.392,66.20342687936459,4
2540.0,124,54,0.0,13.802400195016526,3.843455587168069,7.314516129032258,66.67334704571434,4
2541.0,126,55,0.0,13.793453362747096,3.806477503007183,7.071428571428571,66.30367983802516,4
2542.0,126,54,0.0,13.7106592760887,3.8163201583884057,7.5,67.00390148707825,4
2543.0,125,54,0.0,13.746652556290194,3.818784796319138,7.432,67.73360205046573,4
2544.0,125,55,0.0,14.085253274510773,3.6852435894288416,7.312,66.81320821767648,4
2545.0,124,55,0.0,13.552641550830371,3.660586217826914,7.556451612903226,67.13781348356356,4
2546.0,124,54,0.0,14.592176164921648,3.7823509056462594,7.443548387096774,67.8454180347412,4
2547.0,125,53,0.0,14.553349893777858,3.660009322186913,7.224,67.1846713673096,4
2548.0,125,50,0.0,13.718678987939137,3.8354275424868733,7.112,67.88549437032941,4
2549.0,124,49,0.0,14.601874196115176,3.804368649834872,7.048387096774194,68.32696704329494,4
2550.0,126,52,0.0,13.882600047583917,3.80579251860135,6.841269841269841,67.92893067280919,4
2551.0,126,49,0.0,14.854623519703972,3.9806132749459295,6.76984126984127,68.6180437728256,4
2552.0,125,48,0.0,14.288549219832433,4.091435641199582,6.936,68.61643372406365,4
2553.0,126,49,0.0,14.913169028741267,4.067557150400297,6.785714285714286,67.96133881317907,4
2554.0,126,48,0.0,13.783895950391889,4.114064842556372,6.7063492063492065,68.64201928166378,4
2555.0,126,48,0.0,13.839465592202739,4.18574971256729,6.642857142857143,68.09439472079778,5
2556.0,127,48,0.0,14.480720745889313,4.1924432273750964,6.535433070866142,68.23039904772548,4
2557.0,126,47,0.0,14.872573272655943,4.2763929549289035,6.5476190476190474,68.44147796844764,4
2558.0,126,47,0.0,13.855587712803048,4.335229910395448,6.674603174603175,68.0990776378217,5
2559.0,126,49,0.0,14.2143788959647,4.330362171634412,7.055555555555555,67.71959806077211,4
2560.0,126,50,0.0,13.816125672036076,4.310694201521309,7.444444444444445,67.57856399095763,5
2561.0,127,54,0.0,13.856681127422139,4.266695235084754,7.7952755905511815,66.9769204588432,6
2562.0,126,53,0.0,13.994344897161302,4.300506882417137,8.277777777777779,67.42096128189458,5
2563.0,126,55,0.0,14.612457292950937,4.34914944811224,8.706349206349206,67.23993540383934,6
2564.0,126,56,0.0,13.65547129312087,4.325453900297748,9.142857142857142,67.07077659508606,6
2565.0,127,59,0.0,14.08611778736137,4.081976508302383,9.511811023622048,65.38016871378171,8
2566.0,125,56,0.0,13.884329588129185,3.972159272903055,9.408,65.39583909395326,7
2567.0,126,59,0.0,13.798217015775519,3.9040925432502736,9.119047619047619,65.56314037142079,6
2568.0,128,60,0.0,13.857318164757453,3.799054537145072,8.765625,64.23493916585721,9
2569.0,127,60,0.0,13.809875803510659,3.640065560132002,8.645669291338583,63.74031491269824,9
2570.0,128,59,0.0,13.59421689864248,3.7664187619399243,8.40625,63.93594734728076,9
2571.0,128,58,0.0,14.11826860572926,3.6801923209995433,8.2421875,63.92887324655507,7
2572.0,130,60,0.0,14.169749429880335,3.7101864615898923,7.969230769230769,63.636562411695714,9
2573.0,130,59,0.0,14.239841990696892,3.6991621882649053,7.8307692307692305,64.34748799057557,8
2574.0,130,60,0.0,15.580033219105257,3.644580034738308,7.707692307692308,64.39555674095425,6
2575.0,132,62,0.0,14.970088054880193,3.6877703255869494,7.484848484848484,64.11869798976397,7
2576.0,132,62,0.0,14.818699612106435,3.6309825967823555,7.386363636363637,63.87379655473012,7
2577.0,132,62,0.0,15.510085271542199,3.562339433272533,7.295454545454546,63.672313888219215,7
2578.0,133,62,0.0,14.364572665501624,3.5461531436054936,7.421052631578948,63.91465779266646,6
2579.0,132,64,0.0,15.52663506435813,3.5891821817715246,7.6893939393939394,64.18301445050524,6
2580.0,131,65,0.0,15.74917341939888,3.5069490467228657,7.679389312977099,63.81000739946736,6
2581.0,132,66,0.0,14.474524746799148,3.526780135033734,7.568181818181818,64.05370176971473,5
2582.0,130,67,0.0,14.9729834190455,3.506331996636358,7.930769230769231,64.11901953912937,4
2583.0,130,67,0.0,15.269512209329992,3.479048086886608,7.915384615384616,64.12944993668829,4
2584.0,129,67,0.0,15.326500391529567,3.398472465787699,8.217054263565892,64.00077647838708,4
2585.0,129,65,0.0,15.806242060952513,3.4864049428898536,8.178294573643411,64.74040656890323,4
2586.0,130,68,0.0,14.914275189640625,3.4919618512654274,8.36923076923077,64.52103501602228,5
2587.0,128,66,0.0,14.998992085305668,3.4587709920085565,8.4765625,64.90592549374968,4
2588.0,130,67,0.0,15.302017145103468,3.5044199594538186,8.330769230769231,64.63113098029241,6
2589.0,129,64,0.0,14.948076286852597,3.5507550708752094,8.364341085271318,65.00138793566089,5
2590.0,129,63,0.0,14.840350821461767,3.5829596734822213,8.333333333333334,65.73066229000044,4
2591.0,130,66,0.0,14.89913355962956,3.6024523719177393,8.253846153846155,65.57205674232108,6
2592.0,128,63,0.0,13.795852400997004,3.5568247585926653,8.6171875,64.78874275569933,4
2593.0,128,65,0.0,13.974149479722888,3.5490276219960064,8.859375,64.68139751477618,5
2594.0,129,64,0.0,14.705866337410457,3.618757061584722,8.767441860465116,64.9006683989837,4
2595.0,128,62,0.0,14.159882433238616,3.59764909950216,8.796875,65.28645011952277,4
2596.0,129,64,0.0,13.860651049390436,3.637783667958486,8.713178294573643,65.49879594728156,5
2597.0,128,62,0.0,14.777502223692187,3.6887774993807234,8.7890625,65.47469264580626,3
2598.0,129,63,0.0,14.717426794200382,3.5718706025284113,8.705426356589147,64.46359070599763,5
2599.0,129,61,0.0,13.70549888231326,3.6711056649145277,8.953488372093023,65.18386165436382,4
2600.0,129,61,0.0,13.726363324886188,3.877805063897156,8.96124031007752,65.88422232972823,3
2601.0,131,62,0.0,13.259412071516877,3.8829722597309746,9.030534351145038,65.56658241921257,5
2602.0,128,60,0.0,14.266265277486472,3.807771208104003,9.25,65.18407272719105,4
2603.0,128,60,0.0,13.892842207080685,3.930493009163232,9.2734375,65.8839898631733,4
2604.0,129,62,0.0,13.744089816557244,3.9388678006560274,9.232558139534884,65.08087218608556,4
2605.0,129,60,0.0,14.41421832355316,4.063507431737375,9.263565891472869,65.77038715824007,4
2606.0,131,61,0.0,14.783267519382006,4.171603437790711,9.34351145038168,65.4293465768548,6
2607.0,129,59,0.0,13.760786677338183,4.050349677526492,9.736434108527131,65.53596973225214,4
2608.0,129,59,0.0,13.732556296125816,4.178492814404318,9.96124031007752,66.21612753883426,4
2609.0,129,62,0.0,13.798132454720326,4.022345541646955,10.193798449612403,64.95218992483696,6
2610.0,129,61,0.0,14.43680954504869,3.9710361975489734,10.434108527131784,64.84300766602992,5
2611.0,129,61,0.0,13.658804234301298,3.8708575857169896,10.209302325581396,64.57895694696631,6
2612.0,129,59,0.0,14.169750619773163,3.812715466468438,9.744186046511627,64.49090780386894,5
2613.0,129,60,0.0,14.229974358291642,3.744148453352898,9.534883720930232,64.38909543469832,6
2614.0,129,61,0.0,14.138208356309027,3.7203811168532086,9.333333333333334,64.2814116946006,7
2615.0,130,60,0.0,14.800421050424763,3.835397131737604,9.076923076923077,64.48685141408669,6
2616.0,129,59,0.0,14.94552538462483,3.8120800797085965,8.968992248062015,64.91707420556463,5
2617.0,129,63,0.0,14.127253540326251,3.6600628061358105,8.813953488372093,63.74810373760854,6
2618.0,130,63,0.0,14.808647947572513,3.695788285914677,8.623076923076923,63.97240376026692,6
2619.0,128,64,0.0,13.8442298267968,3.656648438342194,8.65625,64.12039779181393,5
2620.0,129,65,0.0,13.446436786884442,3.552633389122428,8.775193798449612,63.397576876860605,6
2621.0,128,63,0.0,13.989312285418041,3.5964396982501143,8.7265625,63.841776400234195,5
2622.0,128,63,0.0,13.45704245402012,3.5732875240567883,8.609375,63.622453586516315,6
2623.0,128,64,0.0,14.133318018215126,3.5781281305089028,8.515625,63.58027474477298,5
2624.0,127,62,0.0,13.714850284252316,3.5888995872049225,8.48031496062992,63.86053311291029,4
2625.0,128,62,0.0,14.030650736942125,3.62403144707085,8.59375,64.07621810848971,5
2626.0,129,63,0.0,13.84012409551104,3.6083132985519017,8.426356589147288,64.29808121930188,4
2627.0,129,60,0.0,14.345908090466175,3.7308901724696653,8.317829457364342,65.01122881730596,4
2628.0,129,62,0.0,13.790669324086048,3.6953216378385596,8.217054263565892,64.99560363201311,4
2629.0,130,61,0.0,13.8874021383065,3.7537620594931433,8.061538461538461,65.20134085158273,4
2630.0,130,58,0.0,13.859102221764624,3.875070137654613,7.961538461538462,65.9008648711224,4
2631.0,128,60,0.0,14.001423884002026,3.773198610955859,8.2734375,65.39247668661184,4
2632.0,128,60,0.0,13.666280265408568,3.7293223041756307,8.1875,65.14081053385401,4
2633.0,128,60,0.0,13.64850266892463,3.7051922536631525,8.1015625,65.38469755826537,5
2634.0,128,60,0.0,13.514888845711873,3.8172312634161143,8.28125,66.09132769848573,4
2635.0,128,59,0.0,13.642847879417241,3.876150221859403,8.4375,66.36975728393386,4
2636.0,129,59,0.0,14.411989196931685,3.965153286998404,8.286821705426357,66.54481255840552,5
2637.0,128,61,0.0,13.894260260253214,3.9980202820216233,8.5625,66.96874543122695,4
2638.0,128,59,0.0,13.63129649576731,3.9107290750857255,8.453125,66.32739193188294,4
2639.0,128,58,0.0,13.869525073305704,3.8673409131837406,8.34375,66.24931443444811,4
2640.0,128,56,0.0,14.186992262333373,3.939020424148252,8.2421875,66.94544672084028,4
2641.0,127,56,0.0,13.67400913371865,3.8318921878365866,8.204724409448819,66.05019891312439,4
2642.0,127,56,0.0,13.57537734519086,3.84593610579388,8.141732283464567,65.40321332172935,4
2643.0,127,57,0.0,14.217587588431055,3.90870728733797,8.31496062992126,65.32391061029689,5
2644.0,127,57,0.0,13.631253237429874,4.043681737263741,8.527559055118111,66.01079409112546,4
2645.0,128,57,0.0,13.387523372184418,4.039120374043553,8.3984375,66.1735261499457,4
2646.0,128,56,0.0,13.382936903092721,4.054842186646805,8.3359375,66.10682138225359,5
2647.0,127,55,0.0,13.676047002524138,4.102836314060951,8.346456692913385,65.96493318812564,4
2648.0,126,56,0.0,13.850571706402116,4.065597239163732,8.587301587301587,65.08372296679634,4
2649.0,126,56,0.0,13.388407819299028,4.05596087257262,8.547619047619047,64.98879292021026,4
2650.0,125,54,0.0,13.846868004277349,4.121831827917687,8.832,65.43923498778601,4
2651.0,127,57,0.0,13.890224882028997,4.041390787246223,8.858267716535433,63.74646812203184,6
2652.0,127,54,0.0,13.376237276336179,4.149291790341989,9.023622047244094,64.42752129975696,5
2653.0,127,57,0.0,13.452612620289438,4.152296307125475,9.464566929133857,64.07523275865795,6
2654.0,128,60,0.0,15.381625518057456,4.184797952549831,9.8515625,64.24680651158592,6
2655.0,130,62,0.0,13.932097653852736,4.084639478853929,10.153846153846153,63.93083601116919,7
2656.0,131,63,0.0,15.283370734116955,4.017238086611104,9.86259541984733,64.12667552637598,8
2657.0,131,62,0.0,15.148702454235366,3.9579340586471616,9.664122137404581,63.82105240653485,6
2658.0,131,63,0.0,13.82892284935806,3.7380879403929947,9.473282442748092,62.77544635222036,8
2659.0,132,64,0.0,15.363928267214408,3.701213601563469,9.242424242424242,63.0081254545069,8
2660.0,133,63,0.0,15.575878708966968,3.676231578722833,9.0,62.56264585242051,9
2661.0,134,63,0.0,13.72578150590416,3.7635059024056363,8.76865671641791,62.80094828368841,8
2662.0,135,65,0.0,14.867580883074137,3.6972763910393356,8.57037037037037,62.386668850799886,9
2663.0,134,62,0.0,13.350667350320146,3.7228735243585036,8.5,62.61801691566028,8
2664.0,134,65,0.0,13.687983739981428,3.6013125052879627,8.388059701492537,61.775447712402865,8
2665.0,134,62,0.0,13.530640131654218,3.5686187951089505,8.261194029850746,61.54679307232321,8
2666.0,133,61,0.0,13.833532908326015,3.5028244256490266,8.210526315789474,62.05066236215436,6
2667.0,134,65,0.0,13.730650372197852,3.5695439798861743,8.626865671641792,62.30475773143697,6
2668.0,136,66,0.0,13.81585812496487,3.541603598076749,8.389705882352942,62.10422879564635,6
2669.0,135,64,0.0,13.858698366302997,3.5331420556407482,8.362962962962962,62.670790108171005,6
2670.0,135,65,0.0,13.826606822991744,3.5570614690148683,8.274074074074074,62.470785914028966,5
2671.0,135,67,0.0,13.862972997920588,3.4725512137974714,8.481481481481481,62.71140373490447,5
2672.0,134,64,0.0,13.719958536303603,3.5301880130196555,8.462686567164178,63.464812065153104,5
2673.0,132,66,0.0,13.78631087797694,3.432620624551906,8.522727272727273,64.22805798914858,4
2674.0,132,68,0.0,13.85055136422161,3.3145969553668007,8.742424242424242,63.102241418263944,4
2675.0,130,67,0.0,13.794086293526926,3.21908117607236,8.823076923076924,63.4310208407802,4
2676.0,130,66,0.0,13.74321854042355,3.4133782461731452,8.76923076923077,64.1689848754267,3
2677.0,130,64,0.0,13.875508011528291,3.477796438911082,8.715384615384615,64.90167839302835,2
2678.0,132,67,0.0,13.574260412808508,3.472336693492811,8.803030303030303,64.63664584446971,4
2679.0,132,64,0.0,13.87588858101517,3.6679480914361333,8.742424242424242,65.35514743708727,4
2680.0,132,65,0.0,13.733026818465442,3.759869952068595,8.68939393939394,66.0664279611791,2
2681.0,131,64,0.0,13.887846457632259,3.7600559572886953,8.694656488549619,66.86790856177237,2
2682.0,132,66,0.0,13.820845505432226,3.7789712146830405,8.583333333333334,65.79506802029744,4
2683.0,131,63,0.0,13.670375627325848,3.799878767532285,8.603053435114504,66.17482272997867,4
2684.0,130,62,0.0,13.819170598965139,3.8327146450376026,8.623076923076923,66.55629311749622,2
2685.0,130,65,0.0,13.698446341301315,3.8137560503896664,8.861538461538462,65.98456324630773,3
2686.0,130,63,0.0,13.89595524452161,3.775682965387963,8.830769230769231,65.41469499282732,4
2687.0,130,61,0.0,13.638896794500761,3.8657253546720165,9.03076923076923,66.1185505574578,4
2688.0,131,62,0.0,13.890800367784687,3.860384673005374,8.923664122137405,65.0837377539611,4
2689.0,130,60,0.0,13.412342241009773,3.945997898105194,9.184615384615384,65.48700160457278,4
2690.0,130,59,0.0,13.794372857525014,4.095179542965175,9.123076923076923,66.17703051153748,4
2691.0,130,59,0.0,13.592552167805843,4.179259726024382,9.076923076923077,66.86124491616499,3
2692.0,132,60,0.0,13.75819039226044,4.208688572988451,8.901515151515152,66.5155449218387,4
2693.0,130,58,0.0,13.712602289253846,4.245397675584856,9.015384615384615,66.62927788719614,4
2694.0,129,58,0.0,13.793169248010964,4.312518328102775,9.069767441860465,66.8319298354696,2
2695.0,131,59,0.0,13.530203407407,4.348883619890667,8.931297709923664,66.46913080540239,4
2696.0,129,56,0.0,13.899111957964488,4.420876568230353,9.271317829457365,66.14573661951397,4
2697.0,127,56,0.0,13.677199892443605,4.442365745344833,9.417322834645669,66.08097715654681,4
2698.0,129,59,0.0,13.604158950247802,4.464455837493674,9.503875968992247,65.70373874745937,4
2699.0,127,59,0.0,13.709893294121139,4.366212278239906,9.913385826771654,65.65343930287511,4
2700.0,127,59,0.0,13.61339882328175,4.366484513046112,10.377952755905511,66.32681712164216,4
2701.0,129,60,0.0,13.55245784004219,4.224674528737247,9.744186046511627,65.15431360868607,5
2702.0,129,58,0.0,13.564024900994264,4.242456299666816,9.496124031007753,65.03666483884527,6
2703.0,129,58,0.0,13.248977527581156,4.269350228513341,9.271317829457365,65.71757858371309,6
2704.0,132,60,0.0,13.606331388326362,4.205300438913729,8.825757575757576,64.88660865399476,7
2705.0,129,56,0.0,13.879570497525856,4.0920804119428205,8.829457364341085,64.49695144200746,7
2706.0,130,58,0.0,13.682030094764196,4.251567972830802,8.576923076923077,64.67588378801999,8
2707.0,131,59,0.0,13.82805096344091,4.190682769547706,8.32824427480916,64.09852026398865,7
2708.0,130,58,0.0,13.628847200283781,4.1000913734992945,8.215384615384615,63.59095427354346,7
2709.0,129,57,0.0,13.686626619699723,4.0839460540906725,8.116279069767442,63.85344922966574,7
2710.0,131,59,0.0,13.337893063062802,4.10934978756243,7.8396946564885495,63.557477475523264,6
2711.0,130,60,0.0,13.360768004995771,4.00706704312663,8.076923076923077,63.09849235276622,7
2712.0,130,61,0.0,13.75722706222441,4.001344831827546,8.223076923076922,63.0244441707255,7
2713.0,131,62,0.0,13.790838399645873,3.981046556738941,8.030534351145038,62.327367938575115,7
2714.0,129,60,0.0,14.259060736513511,3.917290851125685,8.031007751937985,62.36574914519386,6
2715.0,130,60,0.0,13.76881220608484,3.9563989503322876,7.846153846153846,62.58183269408817,7
2716.0,130,60,0.0,14.479326158714356,3.9100260374388633,7.746153846153846,62.38233768004281,6
2717.0,130,60,0.0,14.774863344779114,3.9605342223057978,7.638461538461539,63.081242924385826,5
2718.0,130,63,0.0,13.873293716320768,3.8882674202698113,8.115384615384615,62.88942749456738,5
2719.0,130,62,0.0,13.587447936972604,3.8507856151180575,8.015384615384615,62.916822499802514,4
2720.0,129,60,0.0,13.348554018628784,3.829730488091099,7.9689922480620154,63.21944019611139,4
2721.0,129,63,0.0,13.653643875589314,3.85062213234625,8.147286821705427,63.37758204597562,4
2722.0,129,62,0.0,13.558267576713115,3.8575618241542764,8.046511627906977,63.21197158092343,4
2723.0,128,60,0.0,13.849457846465521,3.8378114757628135,8.0234375,63.51484500283925,4
2724.0,127,60,0.0,13.76118881897517,3.78609586710484,8.015748031496063,63.6945857803569,4
2725.0,128,60,0.0,13.825213996553794,3.82527029513103,8.15625,63.895136787066576,4
2726.0,128,59,0.0,13.541098210937344,3.876712453960746,8.0703125,64.60085721867546,4
2727.0,128,59,0.0,13.310598463378847,3.8047664294622674,7.9921875,64.47210887776744,4
2728.0,129,58,0.0,13.613207719032653,3.9290563062005113,7.8604651162790695,64.66285760968145,4
2729.0,128,57,0.0,13.880653448496014,3.9477563344536346,8.125,65.04896423798871,4
2730.0,129,59,0.0,13.51368821549695,3.967252382487435,7.992248062015504,65.23038511420688,4
2731.0,129,59,0.0,13.471326636010781,3.9898150529351275,8.170542635658915,65.10821750802708,4
2732.0,128,58,0.0,14.70284414755207,4.051779187300676,8.171875,65.01923932511716,4
2733.0,128,58,0.0,13.8136142818902,3.9340422647716644,8.1328125,64.90420541898253,4
2734.0,128,56,0.0,13.558428181888752,3.9382683533239162,8.046875,64.29291084803252,4
2735.0,128,57,0.0,13.614076533331536,4.035827206079196,7.984375,63.70292787628957,5
2736.0,129,57,0.0,14.703903208439113,4.124689363271694,8.085271317829458,63.88522938275649,5
2737.0,127,54,0.0,13.871825185231865,4.138707901054272,8.15748031496063,63.92516653896112,4
2738.0,127,55,0.0,13.892818451020867,4.29954343237669,8.393700787401574,64.59406370536657,4
2739.0,128,57,0.0,13.879800533270464,4.26425534593681,8.3046875,63.96927706065487,5
2740.0,128,54,0.0,13.852902223682031,4.360834731154771,8.2890625,64.62979688168515,4
2741.0,127,52,0.0,13.616350139933639,4.3593838697032234,8.346456692913385,64.84914448889947,3
2742.0,126,54,0.0,13.383172303414904,4.403035985312353,8.841269841269842,64.99715213740414,2
2743.0,128,56,0.0,14.176178765244998,4.3879205718212635,8.875,64.6293198662944,4
2744.0,128,56,0.0,13.399888962251135,4.468683436626927,9.3125,65.28507812660112,4
2745.0,127,59,0.0,14.393249225913763,4.2590183181980485,9.834645669291339,63.777164377885164,4
2746.0,126,56,0.0,13.65861270155292,4.126494370821205,9.666666666666666,64.2266635634385,4
2747.0,128,58,0.0,13.655453236051835,4.108640759748713,9.28125,63.89219051788722,6
2748.0,126,57,0.0,14.775391552056403,4.12094927467927,9.23015873015873,63.873084418379804,6
2749.0,127,58,0.0,14.612471390836157,4.166904518269728,8.960629921259843,64.04464683674207,5
2750.0,126,59,0.0,13.26367195378989,3.998480785740882,8.84920634920635,63.682799425927286,6
2751.0,128,61,0.0,13.738122359360569,3.959505324650305,8.5546875,63.36978104708608,6
2752.0,125,59,0.0,13.719516421429148,3.7649868160249103,8.608,62.888086547268195,6
2753.0,127,59,0.0,13.813851060788148,3.7230461789461815,8.307086614173228,62.59602479287631,6
2754.0,129,60,0.0,13.303921194065628,3.6453167808315485,8.046511627906977,62.32652687382993,8
2755.0,127,58,0.0,13.647424881206826,3.621816619125656,8.031496062992126,62.59126570914128,7
2756.0,129,63,0.0,14.230064838932163,3.6676950039335576,8.093023255813954,62.323263440197344,8
2757.0,130,62,0.0,13.69161522188224,3.71319642905524,7.923076923076923,62.55112352254481,7
2758.0,129,59,0.0,13.763650481349595,3.7226089957726587,7.852713178294573,62.80557229095293,7
2759.0,131,61,0.0,13.502993988664821,3.589041695030677,7.6183206106870225,61.609172797103234,8
2760.0,130,58,0.0,14.75712094234143,3.6002263337038842,7.561538461538461,61.86493948062468,6
2761.0,130,61,0.0,14.661780206596745,3.558785765980639,7.730769230769231,62.13937652210617,7
2762.0,132,61,0.0,14.297331377182422,3.5369580026489693,7.515151515151516,61.91229508588816,7
2763.0,130,58,0.0,13.651233135000803,3.495224657297008,7.530769230769231,62.20486527275978,6
2764.0,132,61,0.0,13.894636856368743,3.484413936441454,7.340909090909091,61.981686139819985,8
2765.0,130,61,0.0,13.699108794890344,3.4709998779217055,7.923076923076923,62.261270349717435,5
2766.0,128,61,0.0,13.847658076526864,3.418598204506831,7.9609375,63.067214229229656,5
2767.0,127,60,0.0,13.884861254692078,3.513417301104646,7.94488188976378,63.334613451111075,4
2768.0,129,63,0.0,13.396071674162522,3.530532535431973,7.767441860465116,63.06408658915649,4
2769.0,129,61,0.0,14.765023928362211,3.652375679013209,7.705426356589148,63.78625104225628,4
2770.0,129,60,0.0,14.112680231424315,3.7583462368684857,7.922480620155039,64.500857626098,2
2771.0,130,64,0.0,13.832134269387462,3.7001848828860644,8.061538461538461,63.86762845524849,4
2772.0,129,60,0.0,13.500824482028134,3.79907913807348,8.046511627906977,64.69457645108028,4
2773.0,130,62,0.0,15.664745192918076,3.935620012278019,8.192307692307692,64.89180127854715,5
2774.0,129,62,0.0,14.57425417929337,3.862096170053383,7.945736434108527,63.9993536146867,4
2775.0,129,58,0.0,14.461298773939802,3.9875671342015804,7.891472868217054,64.69827411760545,4
2776.0,129,60,0.0,14.115193000891326,3.977261029395278,8.116279069767442,64.12918041796988,5
2777.0,127,60,0.0,14.139393326513549,3.972512711427818,8.448818897637794,63.73278606292469,3
2778.0,128,60,0.0,15.468420667493795,4.054599981787771,8.3359375,63.917647801084556,4
2779.0,129,59,0.0,14.415552917927585,4.0681131566322355,8.217054263565892,64.10675606491529,4
2780.0,129,59,0.0,14.722784151825202,4.134535292609723,8.44186046511628,64.79044629171364,3
2781.0,129,58,0.0,14.956387494191608,4.1736005358195625,8.4031007751938,65.47135121324489,3
2782.0,130,59,0.0,14.717145025091327,4.157429339928652,8.307692307692308,64.79964383237619,4
2783.0,128,57,0.0,15.749544889353295,4.20492418335926,8.421875,64.7904890697958,4
2784.0,126,57,0.0,15.233398483916266,4.149085612874071,8.753968253968255,64.76969475952284,3
2785.0,128,58,0.0,14.353074853050028,4.202051293705015,8.6328125,64.42237045014957,4
2786.0,127,56,0.0,13.89682658247184,4.221498547906132,8.716535433070867,64.77360809941963,4
2787.0,127,55,0.0,14.209323179362421,4.313812044016869,8.763779527559056,65.44820060545328,4
2788.0,127,56,0.0,15.74967278546103,4.198717524887709,9.015748031496063,64.3802854176949,4
2789.0,127,56,0.0,14.91970204642423,4.162020559088216,9.291338582677165,65.06553669791475,4
2790.0,124,58,0.0,13.965163725218833,3.9329462413771634,9.983870967741936,64.53788244264042,4
2791.0,126,59,0.0,14.260470536351301,3.8950152767546546,9.579365079365079,64.2014233481161,4
2792.0,125,57,0.0,13.479230788163841,3.824667151057861,9.424,64.62267220852969,4
2793.0,128,61,0.0,14.792762456834414,3.906280227971134,8.9921875,63.790193130853396,7
2794.0,127,59,0.0,13.511772630363703,3.926133616132194,8.881889763779528,64.10138063992912,5
2795.0,126,57,0.0,14.11633364885424,4.037798678954132,8.761904761904763,64.51414458498648,5
2796.0,125,58,0.0,13.857768757056894,3.9874228154632627,8.648,63.97229986129313,6
2797.0,125,58,0.0,14.580583819863485,4.15590330734896,8.472,64.65572395402948,4
2798.0,127,61,0.0,13.74260236506816,4.074453306706282,8.188976377952756,63.47915010025427,7
2799.0,126,58,0.0,14.408776043866595,4.117328943719739,8.103174603174603,63.7930116540536,4
2800.0,126,58,0.0,14.816694198700905,4.186351746238846,7.984126984126984,64.4726905795938,4
2801.0,128,62,0.0,13.665909267334074,4.106304489230348,8.0390625,64.1310067245266,6
2802.0,127,59,0.0,14.84943687353593,3.9434600212312905,7.9763779527559056,63.72778594748276,6
2803.0,126,60,0.0,14.076422639866458,3.9348958179039486,8.23015873015873,64.05672094080542,6
2804.0,126,62,0.0,14.262722701067203,3.7799963720649616,8.119047619047619,63.08828513036515,5
2805.0,126,61,0.0,14.537743278523074,3.7437867367854847,8.015873015873016,62.924266734670105,6
2806.0,124,60,0.0,14.912710026046359,3.665422820071699,8.330645161290322,63.03262860404006,6
2807.0,122,60,0.0,14.44464230662056,3.4908667880276854,8.368852459016393,63.070297252962426,4
2808.0,124,63,0.0,14.831103613659113,3.5008996282100173,8.435483870967742,62.76223396421398,5
2809.0,123,61,0.0,13.856706703955613,3.4879203695504444,8.422764227642276,63.21116678939277,5
2810.0,125,64,0.0,13.44187082790304,3.4730763445850625,8.216,62.91487610748699,5
2811.0,124,62,0.0,14.21675792435494,3.5922944735756897,8.209677419354838,63.620369379489645,4
2812.0,124,62,0.0,14.902026208362848,3.7981568173534352,8.14516129032258,64.32632618220849,4
2813.0,125,63,0.0,13.597495931376077,3.7697119070898384,8.016,64.01020695971019,6
2814.0,124,60,0.0,14.832979178767026,3.820502087364476,8.024193548387096,64.40045148783281,4
2815.0,124,60,0.0,13.937539996377625,3.780889554932394,8.241935483870968,63.73039025738358,5
2816.0,125,59,0.0,14.137818080498368,3.8082632054521612,8.104,63.91447742300205,4
2817.0,124,59,0.0,13.39243721284438,3.799670845266053,8.35483870967742,64.32104700182488,4
2818.0,126,60,0.0,13.710962273157202,3.9031851452290183,8.15079365079365,63.983043564660555,6
2819.0,124,58,0.0,14.065154102174096,3.908071690726183,8.225806451612904,63.549729320707506,4
2820.0,125,57,0.0,13.799930252842136,3.990852148510393,8.112,63.72289875413568,5
2821.0,126,58,0.0,13.590588787207015,4.041142695066192,8.007936507936508,63.8915940059114,5
2822.0,125,58,0.0,13.789899445891812,4.051450327531916,8.328,63.760139282190394,4
2823.0,125,58,0.0,13.910902879185477,4.151133494733854,8.512,64.43716548770291,4
2824.0,126,60,0.0,13.782523832493462,4.051799053288149,8.444444444444445,63.25836692305413,4
2825.0,124,57,0.0,14.021005482001662,4.056661067997974,8.580645161290322,63.379315358204344,4
2826.0,124,57,0.0,14.025686411777013,4.143991690186741,8.862903225806452,64.05705114669026,3
2827.0,126,58,0.0,13.481593465384927,4.16192312484745,8.722222222222221,63.69832718671623,4
2828.0,125,56,0.0,14.045833942528345,4.2501862067403895,8.96,64.09712843551507,4
2829.0,123,54,0.0,13.530489458562807,4.209592320888795,9.089430894308943,63.423841862169844,4
2830.0,124,56,0.0,13.428079916373827,4.212032982189429,9.024193548387096,62.77752092381353,4
2831.0,124,54,0.0,13.89894182838034,4.332318738987051,9.03225806451613,63.44160122043504,4
2832.0,121,55,0.0,13.592833721870557,4.201168624129149,9.710743801652892,63.079139860467365,4
2833.0,123,59,0.0,13.774399047344923,4.0632798713427905,10.016260162601625,62.721228390946315,4
2834.0,124,59,0.0,13.381325802276843,4.103289734712331,10.403225806451612,62.889000409240026,5
2835.0,123,60,0.0,13.696160016558133,3.9413408254945623,10.967479674796747,62.58385521756442,6
2836.0,124,62,0.0,13.795345706259832,3.8191649260021125,10.629032258064516,61.72539061895312,6
2837.0,123,58,0.0,13.469247559760698,3.8243885565678286,10.463414634146341,62.179331001374884,6
2838.0,124,59,0.0,13.886717028659769,3.766645276796153,10.153225806451612,62.37650179678432,7
2839.0,126,61,0.0,13.881279631145299,3.629990306184784,9.777777777777779,61.356869772328615,8
2840.0,126,59,0.0,13.464263343112544,3.6748702872271095,9.579365079365079,62.06574908237623,7
2841.0,127,62,0.0,13.742262469115667,3.5466476440268817,9.32283464566929,61.57903503235977,8
2842.0,129,63,0.0,13.225192215017685,3.499401228974161,9.015503875968992,61.3314980022491,8
2843.0,128,59,0.0,13.13249695843895,3.412787147025658,8.90625,60.59278580496846,9
2844.0,129,59,0.0,13.5802782836603,3.4683719640000095,8.666666666666666,60.84005200221278,9
2845.0,129,61,0.0,13.259883706900292,3.40723120594734,8.51937984496124,60.61138577059399,7
2846.0,130,60,0.0,13.27231319025159,3.4074111594979968,8.315384615384616,60.87043308497167,8
2847.0,129,60,0.0,13.787107241898775,3.3987197209041944,8.844961240310077,61.18841283312071,6
2848.0,130,63,0.0,13.173939120216543,3.3695455154693126,8.638461538461538,60.79991482305889,6
2849.0,131,61,0.0,13.810182283965382,3.355632547533594,8.427480916030534,61.06497525862232,6
2850.0,130,62,0.0,13.835690787038766,3.3947445120636024,8.361538461538462,60.934181335542,6
2851.0,129,63,0.0,13.677776721050032,3.3024797364597775,8.30232558139535,60.56819484599829,6
2852.0,129,64,0.0,13.7676136987051,3.349023727772362,8.48062015503876,60.87744499687546,6
2853.0,128,64,0.0,13.401862293458544,3.3987977546751105,8.453125,61.15420454757017,6
2854.0,128,64,0.0,13.15563643497261,3.395017545483629,8.3671875,61.49973002840528,5
2855.0,129,62,0.0,13.818349879328162,3.4599417669173484,8.209302325581396,61.750332379926654,5
2856.0,128,60,0.0,14.359041669000815,3.4609989234283454,8.1796875,62.55301072382406,4
2857.0,130,63,0.0,13.113608433825396,3.45124499821041,8.246153846153845,62.31080733754625,5
2858.0,130,61,0.0,13.81476344037801,3.569366697138071,8.153846153846153,63.033439265393774,4
2859.0,129,61,0.0,13.314256095135521,3.542507405636315,8.410852713178295,63.37279115532073,4
2860.0,131,62,0.0,14.318381288296775,3.644701817192783,8.183206106870228,63.11085144192468,5
2861.0,131,60,0.0,14.070301018175932,3.7727113524429066,8.083969465648854,63.82116151839605,4
2862.0,132,61,0.0,15.950666476120505,3.816376525397871,7.946969696969697,64.03333662723274,5
2863.0,132,61,0.0,13.666344071219399,3.766187226843586,8.136363636363637,63.54140634974625,4
2864.0,131,58,0.0,13.959829393939197,3.755844651345843,8.122137404580153,63.92298280163156,4
2865.0,132,60,0.0,13.657074137567543,3.7419003997793907,7.984848484848484,63.31044226049161,6
2866.0,131,60,0.0,13.746417008666322,3.78675801527763,8.251908396946565,63.31214255672683,4
2867.0,131,60,0.0,13.760773597985589,3.8232309082957987,8.442748091603054,63.07962033559804,5
2868.0,132,59,0.0,13.77955367192626,3.9491359134750206,8.303030303030303,63.28910548083214,5
2869.0,132,58,0.0,13.745868661417626,4.145232919845986,8.234848484848484,63.97005602831606,4
2870.0,132,59,0.0,13.457676065829583,4.1739658084774245,8.212121212121213,63.72726748816813,5
2871.0,130,57,0.0,13.93004374275593,4.153345533829271,8.338461538461539,63.79973340269655,3
2872.0,132,59,0.0,13.721184491782019,4.131186874553535,8.462121212121213,63.49791829069534,5
2873.0,131,58,0.0,13.286517731818872,4.1933117585393065,8.732824427480915,63.90433697236383,4
2874.0,131,58,0.0,13.475580973102057,4.169564421694862,8.755725190839694,63.79788945845506,4
2875.0,131,56,0.0,13.5779124217593,4.215630042764856,8.770992366412214,64.47209777791471,4
2876.0,132,59,0.0,13.736131420868018,4.133688585433975,8.924242424242424,63.766289472526395,5
2877.0,132,58,0.0,13.940527606379742,4.096555430281231,9.159090909090908,63.558464149492245,6
2878.0,133,59,0.0,13.699370955654503,4.189415864342858,9.526315789473685,63.75234232764407,5
2879.0,133,60,0.0,14.517526004530058,4.15628903168941,9.766917293233083,63.537588358304994,6
2880.0,132,60,0.0,13.427146379372054,4.0285421576987215,10.090909090909092,63.80519292301759,5
2881.0,132,63,0.0,13.455111083856762,3.8607873073494052,9.863636363636363,62.84868306098573,7
2882.0,133,62,0.0,13.765354337336474,3.8949067804246966,9.571428571428571,63.069956179665176,6
2883.0,132,62,0.0,13.720045046275482,3.784914337858516,9.431818181818182,62.66706945726304,6
2884.0,133,63,0.0,13.777004157169722,3.810516359569821,9.172932330827068,61.994922858695205,7
2885.0,132,61,0.0,13.38611418886853,3.620522938659573,9.037878787878787,61.49877376477575,7
2886.0,132,62,0.0,13.365748407368526,3.67301114441691,8.878787878787879,62.21761110312954,7
2887.0,133,65,0.0,13.891939242812805,3.635595887179302,8.661654135338345,61.67980186390203,7
2888.0,133,64,0.0,13.79627132716123,3.7416411604393116,8.526315789473685,61.62636929250488,7
2889.0,134,65,0.0,13.245126413973049,3.78732906019219,8.350746268656716,61.86817675903141,7
2890.0,134,66,0.0,13.778242978011258,3.693612080936505,8.238805970149254,60.97529742189488,7
2891.0,134,67,0.0,13.67542618708685,3.7092071339873898,8.440298507462687,60.83929762407495,7
2892.0,134,67,0.0,13.648355599107825,3.6551862180739896,8.64179104477612,60.69812753977056,8
2893.0,134,68,0.0,13.221935508516617,3.619071885663197,8.567164179104477,60.75694932217092,7
2894.0,135,69,0.0,13.749768484709785,3.6251698397126875,8.42962962962963,61.01908037282052,7
2895.0,134,67,0.0,13.601350432261013,3.628929377141332,8.425373134328359,61.50325532401409,6
2896.0,135,69,0.0,14.248061261378894,3.6001787033009855,8.296296296296296,60.93166590533048,6
2897.0,134,68,0.0,14.27908981710832,3.6504400438463587,8.32089552238806,61.42434498906602,5
2898.0,135,67,0.0,13.774238689313643,3.749224877580382,8.207407407407407,61.67535304272445,5
2899.0,133,65,0.0,15.180034421064624,3.642575274587363,8.270676691729323,61.91372711112836,4
2900.0,134,67,0.0,14.074645696470247,3.680487451507531,8.17910447761194,62.16366881215521,4
2901.0,132,65,0.0,15.486546329810949,3.6235313120132573,8.530303030303031,62.5407702211545,4
2902.0,133,65,0.0,14.307426382630798,3.7075734259430484,8.413533834586467,62.777910076949496,3
2903.0,133,65,0.0,14.443433097802767,3.575879623334168,8.631578947368421,63.04138933623316,4
2904.0,131,64,0.0,13.883068743936452,3.534702468358162,8.717557251908397,63.46531182188119,3
2905.0,132,64,0.0,14.453108370193945,3.70887161698051,8.598484848484848,63.69167579330023,4
2906.0,133,65,0.0,15.611144569010207,3.859985913211312,8.759398496240602,63.91245143755349,4
2907.0,132,64,0.0,14.455405416578719,3.8637786129067067,9.030303030303031,63.83744417986443,4
2908.0,134,66,0.0,14.926844828512253,3.9436490060421323,8.850746268656716,63.569669090307336,5
2909.0,132,66,0.0,15.413492415921496,3.878114234572304,9.227272727272727,63.19424692642862,4
2910.0,132,64,0.0,14.257936130144367,3.9542773974272474,9.181818181818182,63.89036251696256,4
2911.0,133,66,0.0,15.466865540767753,3.9108981057685206,9.075187969924812,62.84982255032728,5
2912.0,133,62,0.0,13.795962704328554,3.934975494796855,9.278195488721805,63.55106802636282,4
2913.0,133,64,0.0,15.265079609124655,3.987811724854308,9.24812030075188,63.002749137271465,5
2914.0,133,62,0.0,13.903955752933014,3.916826352938036,9.19548872180451,62.433515969165384,4
2915.0,132,60,0.0,13.93355598633139,3.99992813921993,9.219696969696969,62.8100762506665,4
2916.0,133,63,0.0,14.797423205705906,4.026144411348021,9.37593984962406,62.288969288974386,6
2917.0,133,61,0.0,14.184365118103647,4.204053761100227,9.586466165413533,62.96941527389869,4
2918.0,131,60,0.0,14.618272857479367,4.254606079859071,9.679389312977099,63.12513319649466,4
2919.0,133,62,0.0,14.113467675186309,4.272104383811934,9.496240601503759,62.83658923288008,5
2920.0,131,59,0.0,14.223659319307114,4.245446097920723,9.603053435114504,62.92873472018688,4
2921.0,132,60,0.0,14.022379216162513,4.279079245696642,9.5,62.15121862025021,6
2922.0,131,57,0.0,13.486003797943704,4.291694509425148,9.534351145038167,62.557748251953846,4
2923.0,130,57,0.0,13.459678535838114,4.256734740080005,9.576923076923077,62.97360150930234,4
2924.0,130,57,0.0,14.987387185096356,4.188906037767242,9.776923076923078,62.690551284647434,5
2925.0,129,57,0.0,13.836419799225405,4.198049502983282,10.069767441860465,63.10905916632331,3
2926.0,130,57,0.0,13.4397629725509,4.106439803206493,9.73076923076923,63.29957265168971,4
2927.0,129,58,0.0,13.393086011265458,4.002424129574344,9.573643410852712,62.77568226088007,3
2928.0,127,58,0.0,13.155148759395965,3.9293003435370477,9.511811023622048,62.78505480557212,3
2929.0,129,59,0.0,13.807295486997095,3.9018046653379193,9.147286821705427,62.49139633960738,5
2930.0,131,60,0.0,13.32049689451238,3.9214321677091784,8.816793893129772,62.21127364753259,6
2931.0,130,59,0.0,13.193457380263135,3.8969990735228,8.707692307692307,62.42477282598976,6
2932.0,132,62,0.0,13.36906175724406,3.8183673681270527,8.409090909090908,61.21215603136301,8
2933.0,132,60,0.0,13.456261405394846,3.789311104224319,8.25,61.22466384687095,8
2934.0,131,59,0.0,13.788277166341581,3.842305589084363,8.16793893129771,61.69057493893599,8
2935.0,132,61,0.0,12.670090500812307,3.772915164926276,7.954545454545454,61.20832111244864,8
2936.0,133,61,0.0,13.456798542888725,3.800681746155806,8.06766917293233,61.43965928069577,7
2937.0,133,60,0.0,12.698651091223732,3.8589119228086037,7.932330827067669,62.13861966420425,7
2938.0,133,63,0.0,13.39562744567346,3.7339498614146835,8.082706766917294,61.23949698842576,6
2939.0,132,62,0.0,13.772644586889223,3.7599543653964402,8.045454545454545,61.47904671390112,5
2940.0,132,65,0.0,13.194571248781342,3.652188509544252,7.946969696969697,60.56555165887937,7
2941.0,131,62,0.0,13.880249663931318,3.5704832089858756,7.916030534351145,60.33689165346025,6
2942.0,131,60,0.0,13.014955905874462,3.571624528032359,7.824427480916031,61.06176937074804,5
2943.0,132,63,0.0,13.294497531146654,3.575746181149795,7.6893939393939394,61.312754832008686,6
2944.0,133,61,0.0,12.933326017580196,3.5685589850884085,7.526315789473684,61.56979796501808,5
2945.0,133,59,0.0,13.871649034647271,3.657118130580744,7.443609022556391,62.28594197286259,5
2946.0,134,62,0.0,13.815068917483554,3.7130302661553602,7.604477611940299,62.52551402103569,4
2947.0,134,61,0.0,13.249148114989286,3.74335356024009,7.529850746268656,62.83228269576417,4
2948.0,133,63,0.0,13.762840130808764,3.8037314112613347,8.06015037593985,63.15067100852062,4
2949.0,133,62,0.0,13.18750993945831,3.7920985465588433,7.6992481203007515,63.37683662891529,4
2950.0,133,61,0.0,13.80188786725048,3.753642335005188,7.909774436090226,63.2314783258513,4
2951.0,132,60,0.0,13.407798335980624,3.7953038068721505,7.901515151515151,63.979645300800534,4
2952.0,133,61,0.0,13.717716030753218,3.8767682843606472,8.015037593984962,64.19183573584887,4
2953.0,133,60,0.0,13.784078784147278,3.9525555848378553,7.954887218045113,64.8873285823367,3
2954.0,134,62,0.0,13.583728458010592,3.944299651506089,7.835820895522388,64.32275202739339,5
2955.0,133,59,0.0,13.843199799163267,3.9822847697190293,7.842105263157895,64.75011840484163,4
2956.0,133,57,0.0,15.02671290762332,4.014625547281088,7.7894736842105265,65.4421027944511,3
2957.0,131,57,0.0,15.74073667983567,4.0128849988667525,8.122137404580153,65.17018395146206,3
2958.0,133,59,0.0,16.038100027093158,4.064429821583124,7.954887218045113,64.86320403679588,4
2959.0,132,57,0.0,15.71753531984096,4.095407302344258,8.234848484848484,65.27143978486372,4
2960.0,131,56,0.0,13.952055734071411,4.172806683111609,8.244274809160306,65.27731422558543,2
2961.0,132,58,0.0,13.88899868503213,4.117460975590877,8.340909090909092,64.70207893876321,4
2962.0,131,57,0.0,13.709872114359072,4.207118790935365,8.366412213740459,64.70111583470629,4
2963.0,130,56,0.0,13.487290500756353,4.231921804281594,8.392307692307693,65.11955927541234,4
2964.0,131,59,0.0,14.012241950270178,4.278022476453052,8.320610687022901,64.50949854495595,4
2965.0,130,57,0.0,14.233309588835404,4.376458262743943,8.592307692307692,64.77036639258272,4
2966.0,129,55,0.0,13.864158560149372,4.350505403803184,8.651162790697674,65.16386772637073,4
2967.0,130,56,0.0,13.771956336195581,4.393660680519406,8.8,65.32080331077663,3
2968.0,129,56,0.0,13.871195006510243,4.307479732237309,9.10077519379845,64.77283509071012,4
2969.0,128,56,0.0,14.43228362729998,4.325810180350489,9.40625,65.04769873971793,4
2970.0,128,57,0.0,13.884271684195847,4.192424940436752,9.65625,64.9663765639504,3
2971.0,130,59,0.0,13.90692571498638,4.115870229506069,9.26923076923077,64.6417468312898,5
2972.0,129,57,0.0,13.74217619698029,4.211547222649255,9.10077519379845,65.04868914417524,5
2973.0,127,55,0.0,14.038537613167094,4.186648712664544,8.992125984251969,65.02459974147018,4
2974.0,129,57,0.0,16.250904765129516,4.226710168154713,8.62015503875969,64.68342796547311,5
2975.0,128,58,0.0,13.738629786856473,4.0744637861840545,8.5,63.98888746303594,6
2976.0,129,57,0.0,13.608748795557768,4.072707805064459,8.232558139534884,63.426626329082694,7
2977.0,129,58,0.0,13.444441114144789,3.962531821342513,8.069767441860465,63.347878299617555,6
2978.0,128,58,0.0,14.197909136724137,3.9450763347930042,7.9765625,63.60451749260695,6
2979.0,129,59,0.0,15.001384813752408,3.999044702648826,7.751937984496124,63.031361850763155,8
2980.0,131,60,0.0,14.991245985445017,4.05013936706504,7.5038167938931295,62.748513072125746,8
2981.0,130,58,0.0,14.427613831765408,4.041109470343931,7.446153846153846,63.18425637019027,7
2982.0,129,60,0.0,13.557062013599326,3.969885144336492,7.689922480620155,63.45393801182636,5
2983.0,130,64,0.0,13.571621275749663,3.9085676793133857,7.823076923076923,62.7130823402091,6
2984.0,130,66,0.0,13.998932540883061,3.8919009160338507,8.038461538461538,62.685480701680056,7
2985.0,130,63,0.0,14.191792650710727,3.861363308660536,7.938461538461539,62.4849813824147,6
2986.0,132,65,0.0,13.857564387875634,3.9195120250269015,7.742424242424242,62.22378951260023,6
2987.0,132,61,0.0,13.885758013906889,4.0415265923404355,7.651515151515151,62.914563362820196,6
2988.0,133,63,0.0,13.84165497931731,4.13534321875023,7.7894736842105265,63.117360769426554,7
2989.0,133,63,0.0,13.84002953158612,4.180507395648749,7.714285714285714,63.14131765699611,6
2990.0,133,63,0.0,13.882586551108398,4.1836614394374045,7.639097744360902,62.98722183087662,6
2991.0,133,65,0.0,13.736170795955696,4.056375034061213,7.849624060150376,63.22045981381937,6
2992.0,133,64,0.0,13.862595581775532,4.043740853014778,8.052631578947368,63.09482583272783,5
2993.0,133,64,0.0,13.861540474592676,3.900601553519126,8.0,63.32350646565175,6
2994.0,133,64,0.0,13.885646560788155,3.8520675990043136,7.954887218045113,63.24001401760141,6
2995.0,133,64,0.0,13.827771820570343,3.8250651319052613,7.924812030075188,63.458802681185276,6
2996.0,131,64,0.0,13.764032092969865,3.717742252488469,8.274809160305344,63.4074031296945,5
2997.0,132,65,0.0,14.047048102204357,3.726870377690001,8.166666666666666,62.84242065989886,6
2998.0,132,63,0.0,13.78635443453677,3.7785846719908216,8.128787878787879,63.555528786061544,5
2999.0,130,62,0.0,13.85858303271234,3.697560285135853,8.2,63.14093643779309,4
3000.0,131,64,0.0,14.053372922935921,3.7617421119922643,8.374045801526718,63.36062052568402,4
3001.0,130,64,0.0,13.536013093831585,3.6623602355175446,8.415384615384616,62.483782994668864,4
3002.0,131,64,0.0,14.69332348949768,3.785701890921147,8.335877862595419,62.706357042574865,5
3003.0,129,62,0.0,13.826885179011152,3.669374484518975,8.449612403100776,62.5865339125632,3
3004.0,130,62,0.0,13.80953301335685,3.7073726588890326,8.384615384615385,62.808295831509675,4
3005.0,130,62,0.0,13.450383967390364,3.69670811307767,8.623076923076923,62.56645019214229,5
3006.0,131,63,0.0,13.238232430629433,3.7755130411304294,8.793893129770993,62.790451405891744,5
3007.0,131,63,0.0,13.679854042720576,3.7674342559906284,8.80916030534351,62.71900969339863,5
3008.0,130,60,0.0,13.819636295068134,3.8953162153932523,8.892307692307693,62.95503859989481,4
3009.0,131,63,0.0,13.626629698299803,3.8828822114261494,8.854961832061068,62.39572064563699,6
3010.0,130,60,0.0,13.755354093542612,3.9391295994909212,8.953846153846154,62.62692319576044,5
3011.0,129,62,0.0,13.276739110858623,4.018095039826128,9.294573643410853,63.00162268440152,4
3012.0,129,61,0.0,13.27271680997219,3.9294176703147454,9.333333333333334,61.90084230378391,5
3013.0,128,60,0.0,13.696145547662997,4.015571937960967,9.875,62.25659817126122,4
3014.0,128,61,0.0,13.705941808635504,3.9498104301275845,10.15625,62.95099817193827,4
3015.0,131,64,0.0,13.507539059245028,3.8245623498296317,10.206106870229007,62.19052791980357,5
3016.0,130,59,0.0,13.633287216280587,3.7032011393472866,9.892307692307693,62.45481586809726,5
3017.0,130,59,0.0,13.835766143236803,3.7752100651332907,9.523076923076923,63.160615854494466,5
3018.0,132,60,0.0,13.03276971224995,3.777632295509534,9.015151515151516,62.895960825173695,5
3019.0,132,58,0.0,13.772402128763497,3.7258369806147567,8.818181818181818,62.86025052297556,6
3020.0,133,59,0.0,13.669208636600525,3.813716903873305,8.571428571428571,63.08118530858206,7
3021.0,133,60,0.0,13.5324796035347,3.8158995906012243,8.406015037593985,63.07051234120937,5
3022.0,135,62,0.0,13.673809783875146,3.876150444453904,8.133333333333333,62.81875948063788,7
3023.0,135,61,0.0,13.635118633152121,3.8534441843063623,8.303703703703704,62.79000506414604,8
3024.0,134,61,0.0,13.404026601096826,3.8329116864691786,8.216417910447761,62.3761003720947,7
3025.0,136,64,0.0,13.77430208164733,3.7536970423764764,7.970588235294118,61.289367814850145,9
3026.0,135,60,0.0,13.595927662192844,3.7558999651989327,7.888888888888889,61.7410698350976,8
3027.0,135,63,0.0,13.544855262601466,3.6521074560853246,7.762962962962963,60.838434323010624,9
3028.0,137,64,0.0,13.88632401553914,3.690206984688479,7.824817518248175,60.65272933043759,9
3029.0,136,63,0.0,13.717447355831974,3.6199045970757995,7.794117647058823,60.23010194120704,9
3030.0,135,64,0.0,13.428563260567408,3.6251934805974138,8.044444444444444,60.51353230197543,8
3031.0,136,65,0.0,13.202059225111329,3.6333805467104296,7.926470588235294,60.78382689167006,6
3032.0,137,68,0.0,13.529504944786147,3.565374147389762,7.824817518248175,60.37186527344544,8
3033.0,136,66,0.0,13.689949047612027,3.5494731003936124,7.845588235294118,61.11649809761795,6
3034.0,136,66,0.0,13.120352254704393,3.5419590828393064,8.051470588235293,61.843045538490955,4
3035.0,135,68,0.0,13.654742684617437,3.490977205768492,8.074074074074074,61.92692953171777,4
3036.0,134,68,0.0,13.670712702418678,3.3121849985683554,8.097014925373134,61.33195458905662,5
3037.0,134,67,0.0,13.880423073633574,3.3946884858284956,8.335820895522389,62.06938495192164,4
3038.0,134,68,0.0,13.669620437757112,3.377982354501468,8.305970149253731,62.38730274076133,3
3039.0,135,67,0.0,13.768247112841346,3.4422850399382723,8.214814814814815,62.65409640376576,4
3040.0,135,66,0.0,13.72705604028888,3.403918142191385,8.177777777777777,62.48656874286835,5
3041.0,135,64,0.0,13.635595458652825,3.511812234515132,8.148148148148149,63.21416531628676,4
3042.0,135,65,0.0,13.832408306980506,3.5737275532322434,8.362962962962962,63.9369742694214,3
3043.0,136,69,0.0,13.544985027611256,3.5305747878817706,8.558823529411764,63.03660752836758,5
3044.0,134,65,0.0,13.867496414552443,3.5011918114711484,8.634328358208956,63.16296046518841,4
3045.0,133,65,0.0,13.74424265460185,3.572424410475334,8.68421052631579,63.19116714320259,3
3046.0,135,67,0.0,13.77177637219429,3.5931502266804265,8.540740740740741,62.96323600035604,4
3047.0,135,64,0.0,13.413512484008253,3.686765885035132,8.525925925925925,63.67887477118819,4
3048.0,134,63,0.0,13.873502786480822,3.7397062316290848,8.783582089552239,64.09198118110919,4
3049.0,135,65,0.0,13.770793942245655,3.6625534497743306,8.71111111111111,63.56564188448051,4
3050.0,134,62,0.0,13.633470538281836,3.656349723033346,8.76865671641791,63.98647120192284,4
3051.0,134,62,0.0,13.493879253231727,3.681772924237838,8.776119402985074,63.76580245547575,5
3052.0,135,64,0.0,13.71446801374881,3.8011868568646183,8.977777777777778,63.990144378435005,4
3053.0,135,62,0.0,13.569780733645894,3.8148895256140634,9.0,63.956529585325555,5
3054.0,133,61,0.0,13.83007532437332,3.83503158228552,9.165413533834586,63.934726667141284,5
3055.0,133,61,0.0,13.672791263530963,3.846025665803117,9.18796992481203,63.72384862528048,4
3056.0,132,61,0.0,13.703853997727856,3.875716992502095,9.492424242424242,64.15840532078596,4
3057.0,131,62,0.0,13.506276776758023,3.7382822215588702,9.84732824427481,63.463100712243005,4
3058.0,131,62,0.0,13.783839765097946,3.8052539007378656,9.900763358778626,63.41386252365874,4
3059.0,131,62,0.0,13.412481165234931,3.7264184663636564,10.13740458015267,63.217789749905,4
3060.0,131,63,0.0,13.611272945976816,3.6161047818133203,10.396946564885496,63.1758498742719,5
3061.0,131,59,0.0,13.723474666802213,3.687940975152221,9.954198473282442,63.89356546200122,4
3062.0,130,61,0.0,13.302118722093292,3.5918609820591314,9.815384615384616,63.4250504291735,5
3063.0,131,62,0.0,13.871599448355846,3.517405307814329,9.335877862595419,62.907693106997115,6
3064.0,131,60,0.0,13.847520794929006,3.5852577242103854,9.15267175572519,63.629465837688215,5
3065.0,132,61,0.0,13.643422826635652,3.5391030616370895,8.886363636363637,63.125255213780996,6
3066.0,134,62,0.0,13.869535171752796,3.583739234055841,8.58955223880597,62.894004228486054,7
3067.0,134,62,0.0,13.814470717078075,3.696685581833647,8.455223880597014,63.61141704855019,7
3068.0,135,64,0.0,13.763885187893175,3.6633602111823587,8.25925925925926,62.96816261860815,8
3069.0,135,60,0.0,13.853249028068968,3.7620005241557744,8.125925925925927,63.68085591767636,6
3070.0,136,63,0.0,13.793663627677597,3.699813570278001,8.227941176470589,63.052418011603095,8
3071.0,136,64,0.0,13.780589106935077,3.7395966326615695,8.117647058823529,62.92426849132198,7
3072.0,134,65,0.0,13.844041290553287,3.668647857602024,8.432835820895523,62.98990664007538,5
3073.0,134,65,0.0,13.542535301507451,3.670266324040828,8.335820895522389,63.018098143885474,6
3074.0,134,64,0.0,13.87317033924628,3.656018516846412,8.238805970149254,63.00050869438427,5
3075.0,134,63,0.0,13.231770758260973,3.697117853158898,8.149253731343284,63.72085999084401,5
3076.0,136,65,0.0,13.571791541390121,3.6504152141018276,7.9411764705882355,63.49010055676359,5
3077.0,136,64,0.0,13.805376919661649,3.6964575446415857,8.139705882352942,64.20675535557733,4
3078.0,134,64,0.0,13.855590024474077,3.6881355391995094,8.194029850746269,64.3725346124017,4
3079.0,136,66,0.0,13.754223093250767,3.7405819136286196,8.279411764705882,64.12571679711262,5
3080.0,133,63,0.0,13.614726890786551,3.659655324140165,8.390977443609023,64.3230227250524,4
3081.0,133,63,0.0,13.77028076092247,3.7397298238608983,8.31578947368421,65.04111846530128,4
3082.0,135,64,0.0,14.40087013660144,3.795565743365495,8.118518518518519,64.77327997340689,4
3083.0,132,62,0.0,13.781837505660341,3.6429371152625944,8.484848484848484,64.81411304420537,4
3084.0,131,62,0.0,13.79811384734843,3.6571863775768927,8.488549618320612,65.57566869786936,4
3085.0,133,63,0.0,14.520971580023469,3.6698643883490667,8.278195488721805,65.29438230266098,4
3086.0,133,61,0.0,13.760909016802907,3.8015376900946776,8.218045112781954,66.00721887825374,4
3087.0,132,60,0.0,13.882354008127004,3.675367914282811,8.212121212121213,65.14841930810665,5
3088.0,133,60,0.0,14.365602785871886,3.763967898077369,8.323308270676693,65.36466734652403,4
3089.0,133,60,0.0,14.17708279748947,3.9008457869884294,8.518796992481203,66.06501336195309,4
3090.0,134,60,0.0,14.333357831905937,4.036011141720125,8.373134328358208,66.25816822945568,5
3091.0,132,60,0.0,13.771732790837996,3.9847991018655167,8.43939393939394,65.41107194261441,3
3092.0,132,61,0.0,13.871806372399442,3.9592179070530182,8.636363636363637,65.32642280210233,4
3093.0,132,59,0.0,14.946303880843676,4.079419109350048,8.56060606060606,66.0161059859503,3
3094.0,132,61,0.0,13.800489463178963,3.9656912661136285,8.507575757575758,64.64512569935724,4
3095.0,132,57,0.0,14.228072176372223,4.081907649259886,8.484848484848484,65.33071189383328,4
3096.0,129,57,0.0,13.806736558549806,3.9019865631903365,8.62015503875969,64.68790858815915,3
3097.0,131,61,0.0,14.30207771479652,3.873356246074568,8.442748091603054,64.38747224635836,5
3098.0,130,57,0.0,14.560565700498751,3.946478077855203,8.692307692307692,64.79580392127123,4
3099.0,129,56,0.0,13.640489566000179,4.021313080090543,8.472868217054264,65.22989189098973,4
3100.0,130,58,0.0,13.686013300530613,4.081704212441082,8.592307692307692,64.64918478180363,4
3101.0,129,57,0.0,13.870537854125724,4.147208395779628,8.875968992248062,64.86914458919289,4
3102.0,128,57,0.0,13.596551874562897,4.1339960129586295,8.9375,65.29896933881429,4
3103.0,129,60,0.0,13.796139722447611,4.04066354768466,9.108527131782946,64.50187264299048,4
3104.0,127,59,0.0,14.518538325932218,3.931984015574135,9.511811023622048,64.48018013042903,4
3105.0,127,59,0.0,13.567983461869881,3.9094600031331974,9.913385826771654,65.18008581610589,4
3106.0,128,59,0.0,15.10294899137259,3.7977212916560497,9.59375,64.58686552788278,4
3107.0,127,58,0.0,14.074096795358106,3.748050293726456,9.448818897637794,64.83017264770648,4
3108.0,129,61,0.0,14.351902857004076,3.676724085924939,9.10077519379845,64.52877436281082,6
3109.0,128,59,0.0,13.89611010751687,3.533882902093349,8.9765625,64.01763080016727,5
3110.0,129,61,0.0,13.838691757037305,3.5040565340940106,8.736434108527131,64.24400313766,6
3111.0,129,62,0.0,13.410525046265684,3.4955568594747604,8.589147286821705,64.01011767103746,7
3112.0,130,62,0.0,13.803305418905802,3.4122200817831785,8.36923076923077,63.51536046241318,7
3113.0,128,61,0.0,13.427568580815569,3.2748502909054036,8.359375,63.59226536638587,7
3114.0,129,61,0.0,13.574908599986719,3.367486443798269,8.162790697674419,63.82637947096373,6
3115.0,130,64,0.0,13.414793988953368,3.361933908763223,8.292307692307693,64.06731692109392,6
3116.0,131,66,0.0,13.284923374431768,3.41903860442036,8.145038167938932,64.30255663791893,6
3117.0,131,66,0.0,13.225781053316409,3.264767953521388,8.053435114503817,63.62460749096471,7
3118.0,130,66,0.0,12.87230714315083,3.260770372328257,8.053846153846154,63.92928277058281,5
3119.0,130,67,0.0,13.122706382314304,3.288629669038591,8.569230769230769,64.6712200337755,5
3120.0,132,68,0.0,12.7232084591873,3.255841403232191,8.378787878787879,64.42350108058098,6
3121.0,132,67,0.0,13.733114765235223,3.319893024632486,8.325757575757576,65.16628308136973,5
3122.0,133,67,0.0,13.353992454719359,3.448636598768751,8.203007518796992,65.40132046550232,5
3123.0,134,67,0.0,13.777505684853532,3.506585927951999,8.380597014925373,65.63499624450942,4
3124.0,131,64,0.0,13.310748822293661,3.4136371278132684,8.511450381679388,65.65743413790342,4
3125.0,131,66,0.0,13.320950047438965,3.372004424883633,8.725190839694656,65.69447691133831,5
3126.0,132,65,0.0,13.636438940066414,3.487375215264966,8.598484848484848,65.92097648148102,4
3127.0,130,63,0.0,13.871774663121009,3.3808267849453744,8.669230769230769,65.88273967101372,4
3128.0,130,65,0.0,13.92847572608994,3.364848017399086,8.9,65.96995008193791,4
3129.0,131,63,0.0,13.624891730584205,3.402671307674656,8.755725190839694,66.19279415939953,4
3130.0,131,63,0.0,13.471808249227546,3.421458180578006,8.687022900763358,66.48458597944717,5
3131.0,131,61,0.0,13.35830664937062,3.5083203380063743,8.641221374045802,67.21595479596779,4
3132.0,132,62,0.0,14.572215856515372,3.6799863475744705,8.772727272727273,67.41800850942742,4
3133.0,132,59,0.0,14.171610538402142,3.7985993129947,8.696969696969697,68.1282719731657,4
3134.0,133,60,0.0,15.44916326540123,3.8754417359804303,8.563909774436091,68.30903517048871,4
3135.0,134,63,0.0,14.225469715983177,3.918282549341825,8.962686567164178,68.48938397486721,4
3136.0,134,60,0.0,13.662009064054772,3.9629188949255156,8.888059701492537,69.18638830592285,3
3137.0,133,63,0.0,13.822573939431459,3.784977673442072,9.157894736842104,67.25586546236738,5
3138.0,133,61,0.0,14.18042306604007,3.8212201955788476,9.090225563909774,67.96421704139273,4
3139.0,134,61,0.0,13.616081518447027,3.940141492024066,8.970149253731343,68.14535139317545,5
3140.0,134,59,0.0,13.80197863522917,3.928255385360362,8.91044776119403,68.05148015955156,5
3141.0,132,58,0.0,13.811995575297624,3.9564078712750015,9.0,68.071631917002,4
3142.0,131,58,0.0,13.542365823154181,3.8959028859698805,9.038167938931299,67.26071737029186,5
3143.0,132,57,0.0,13.739460072329411,3.958750174558358,8.93939393939394,67.43722842808785,4
3144.0,131,56,0.0,13.617796446814346,3.9447282692793695,8.98473282442748,67.87721116661771,4
3145.0,131,55,0.0,13.649425346509698,4.0001215886694075,8.961832061068701,67.7745612976188,4
3146.0,131,56,0.0,13.59643261352382,3.980819661216217,9.129770992366412,67.49543177317969,4
3147.0,132,55,0.0,14.47050005403641,4.082858466465671,9.272727272727273,67.66270531137809,5
3148.0,131,57,0.0,14.264961913346665,4.12391188034557,9.526717557251908,67.95961988679817,4
3149.0,130,58,0.0,13.642138606268807,4.008832822605796,9.792307692307693,68.24082254286645,3
3150.0,130,61,0.0,14.855366823358812,3.7885558428508923,9.992307692307692,67.44958261994523,5
3151.0,130,60,0.0,14.313362869911971,3.7994103544196367,9.761538461538462,68.15561212950884,4
3152.0,127,60,0.0,14.945130868674184,3.7094044227895275,9.771653543307087,67.92929866277646,3
3153.0,129,62,0.0,15.369311706557799,3.659497158245891,9.4031007751938,67.57589579631124,4
3154.0,129,62,0.0,14.12363214218279,3.4935759568359313,9.2015503875969,66.58741915070026,6
3155.0,129,62,0.0,14.685173355225922,3.629226653946747,9.015503875968992,67.29957621267832,6
3156.0,130,64,0.0,13.725924555214474,3.595970180808521,8.784615384615385,66.75312360275397,6
3157.0,131,64,0.0,13.863993195677176,3.5358255816054043,8.557251908396946,66.02382866735681,8
3158.0,131,63,0.0,15.151227443178536,3.5143639728802656,8.389312977099237,66.00305289117539,9
3159.0,132,62,0.0,13.254349917897375,3.4963812005483614,8.151515151515152,66.21819384345285,8
3160.0,133,62,0.0,13.146273646179939,3.542756994669296,7.93984962406015,66.43053719556714,7
3161.0,132,64,0.0,14.746264142056347,3.5328599702366152,8.484848484848484,66.7548018175404,7
3162.0,133,65,0.0,13.48870608790312,3.576263455407096,8.300751879699249,66.96526214507114,6
3163.0,134,66,0.0,13.26418317584321,3.637853874524181,8.134328358208956,67.1733131929718,5
3164.0,133,66,0.0,15.062884073660129,3.739309055328515,8.1203007518797,67.7197990862161,4
3165.0,134,68,0.0,14.351499316540899,3.6586495983094793,7.985074626865671,67.27697745734896,5
3166.0,131,66,0.0,13.57759457603097,3.5749388528754356,8.106870229007633,66.94686572192944,4
3167.0,131,64,0.0,13.541063041827053,3.5722335567837527,8.045801526717558,67.66574577981068,4
3168.0,131,65,0.0,13.49646227187477,3.4650117221652237,7.984732824427481,66.77699256557217,5
3169.0,131,65,0.0,13.577249212116177,3.5845179276224486,8.48091603053435,67.49667732109172,4
3170.0,130,65,0.0,13.278609451801302,3.477978184257733,8.492307692307692,67.35120067266944,5
3171.0,130,64,0.0,13.749523048265837,3.497554574645677,8.430769230769231,67.59284491612237,4
3172.0,130,62,0.0,13.835647558770143,3.5601382873152825,8.376923076923077,68.31483696943245,4
3173.0,130,63,0.0,13.693883779435419,3.5320669058338994,8.315384615384616,68.2721689769858,5
3174.0,131,62,0.0,13.855261034774594,3.611683700780331,8.19083969465649,68.46354478878894,4
3175.0,132,64,0.0,13.685079501685687,3.717294669959381,8.606060606060606,68.65296394632554,5
3176.0,132,62,0.0,13.540976229100488,3.792086920467092,8.553030303030303,69.36248252479378,4
3177.0,130,61,0.0,13.60612352306489,3.6916729413160825,8.63076923076923,69.0485163946552,3
3178.0,131,63,0.0,13.801402341667563,3.648000855712089,8.51908396946565,68.35006222741957,5
3179.0,131,60,0.0,13.84729195535183,3.7231067928387724,8.48091603053435,69.06193296537,4
3180.0,132,60,0.0,13.850546045554802,3.7690269561156424,8.378787878787879,69.24033155004007,4
3181.0,132,59,0.0,14.126383256033012,3.7630470040641817,8.333333333333334,69.15387227396401,4
3182.0,132,59,0.0,13.666480735386722,3.9034219212548638,8.545454545454545,69.85356645513599,4
3183.0,132,58,0.0,13.656875051134344,3.9336113808371422,8.5,69.29796043800992,5
3184.0,132,59,0.0,13.885950299021257,3.945082985674944,8.674242424242424,68.78909597190568,4
3185.0,132,59,0.0,13.878283666889184,4.093284629933818,8.636363636363637,69.47557380562603,4
3186.0,131,59,0.0,14.000554022720733,4.020307831179581,8.679389312977099,69.1521174416689,4
3187.0,132,59,0.0,14.708473669023268,4.113470681788408,8.598484848484848,69.31115029687388,4
3188.0,132,59,0.0,14.264068642545507,4.141884046225648,8.590909090909092,69.25435954678846,5
3189.0,132,59,0.0,13.744563306076452,4.141701065558467,8.833333333333334,68.95573164385468,5
3190.0,131,56,0.0,13.895353050529957,4.24007057983942,8.885496183206106,68.97745686796358,4
3191.0,131,57,0.0,13.687983914169498,4.294922909313884,9.114503816793894,68.88318013137115,5
3192.0,132,57,0.0,14.53332435242647,4.361010247331906,9.227272727272727,69.02610383974894,5
3193.0,131,57,0.0,14.030660255982557,4.272937187658468,9.48091603053435,68.74497821642633,5
3194.0,129,56,0.0,13.612622044724413,4.1481297958907515,9.813953488372093,68.721582151612,4
3195.0,129,59,0.0,13.83639002321288,4.031077214575721,10.263565891472869,68.42487783491946,4
3196.0,130,59,0.0,14.772816846154646,3.9202698039503976,9.930769230769231,67.8240471266123,6
3197.0,129,58,0.0,14.433520443496944,3.9169886826600417,9.75968992248062,68.0644552592226,5
3198.0,131,61,0.0,14.421515001674832,3.857365596411304,9.381679389312977,67.72036983060178,6
3199.0,132,62,0.0,14.609113144765624,3.7632457977789215,9.098484848484848,66.9394251692589,7
3200.0,130,58,0.0,14.348411593904437,3.774858553796257,9.015384615384615,67.1911250651847,7
3201.0,130,60,0.0,13.784075629322805,3.846678969806656,8.830769230769231,67.9014141978662,6
3202.0,132,62,0.0,14.363399056195075,3.7229515014409493,8.522727272727273,66.59732769742304,7
3203.0,132,61,0.0,13.773942082398571,3.61519419680468,8.371212121212121,66.57846376463294,8
3204.0,132,61,0.0,14.44895849289188,3.6060556621231177,8.219696969696969,66.56455169229842,7
3205.0,129,61,0.0,13.487661566911266,3.5209165597036853,8.573643410852712,66.37567688628936,5
3206.0,130,62,0.0,14.206446511599612,3.585346528530612,8.361538461538462,66.58096098584602,6
3207.0,130,61,0.0,13.811528612836264,3.544631729835983,8.238461538461538,67.30612786668507,6
3208.0,130,63,0.0,14.662865768978902,3.5412409317689306,8.123076923076923,67.30808708771072,4
3209.0,131,63,0.0,15.605214031017915,3.6252077762430432,7.961832061068702,67.50428323531045,4
3210.0,131,64,0.0,14.47972684840259,3.607835408501684,7.877862595419847,67.23976519519745,4
3211.0,130,64,0.0,15.683652393729956,3.584673851825247,8.153846153846153,67.51940764246105,4
3212.0,130,64,0.0,15.454512860999042,3.561981088280468,8.346153846153847,67.24892165577036,4
3213.0,129,61,0.0,14.753368870239303,3.6088624140290086,8.317829457364342,67.50765019669038,4
3214.0,130,62,0.0,15.651124568866164,3.6274758367888773,8.169230769230769,67.69568506775292,4
3215.0,131,62,0.0,15.513450229773827,3.688199281349278,8.022900763358779,67.87862293024122,4
3216.0,129,61,0.0,14.393911842397014,3.608557434710556,8.34108527131783,68.24504991996177,3
3217.0,129,63,0.0,15.660516305361472,3.627093644199993,8.542635658914728,68.53655659312896,4
3218.0,130,61,0.0,14.858222034480953,3.6816877517393,8.384615384615385,68.7119738678293,4
3219.0,131,62,0.0,16.14832088276797,3.7630964298479697,8.251908396946565,68.88379449807094,5
3220.0,131,61,0.0,14.744443005789602,3.8070043131346933,8.17557251908397,69.15985788950088,5
3221.0,129,60,0.0,14.277859525471106,3.6649865723782105,8.217054263565892,69.22292646048035,4
3222.0,130,61,0.0,12.734888577188665,3.6879641096142772,8.076923076923077,69.38622887861587,5
3223.0,131,59,0.0,13.498161230688618,3.7346465056915097,7.916030534351145,69.54794045607365,5
3224.0,131,60,0.0,13.621038248269,3.7410089852054274,7.854961832061068,68.96536849334643,5
3225.0,131,58,0.0,13.62052054176584,3.8791666242481844,8.045801526717558,69.65290385093395,4
3226.0,130,60,0.0,13.632164701312355,3.8433254347496257,8.315384615384616,68.31317717837575,4
3227.0,131,59,0.0,14.359998591612205,3.8605118416354287,8.198473282442748,68.47737104704277,5
3228.0,132,58,0.0,12.832185610174202,3.954019134055562,8.083333333333334,68.6376060488215,5
3229.0,133,58,0.0,14.427167178173661,4.054286863259171,7.977443609022556,68.7933140823806,5
3230.0,131,58,0.0,13.203616980323568,4.02284330879486,8.297709923664122,68.9016191244326,4
3231.0,132,57,0.0,13.031503883050755,4.1326496806427375,8.18939393939394,69.04690268955159,5
3232.0,133,56,0.0,13.682724035448098,4.143100827422927,8.082706766917294,69.19180498431892,5
3233.0,132,55,0.0,13.575160147249699,4.128614498804549,8.113636363636363,69.16002774390354,4
3234.0,133,57,0.0,13.797389745106921,4.138330079998181,8.052631578947368,68.5148152434477,5
3235.0,132,55,0.0,13.948118576421878,4.1981167303132665,8.530303030303031,68.44286991208702,4
3236.0,131,55,0.0,13.458506248917685,4.108514585305805,8.587786259541986,67.57583937657003,5
3237.0,131,57,0.0,13.16221243920736,4.139265493354856,9.01526717557252,66.98984254162961,5
3238.0,131,57,0.0,13.538388997875154,4.188664172509893,9.206106870229007,66.84884890949624,5
3239.0,130,58,0.0,13.894539755163715,4.0781797614200865,9.484615384615385,66.27777569881553,6
3240.0,131,57,0.0,13.236694680037909,4.034557927020113,9.603053435114504,66.44884450755762,5
3241.0,130,57,0.0,13.79155507052783,3.9664376189732167,9.423076923076923,66.69558352647789,5
3242.0,129,57,0.0,13.424209513844245,3.973340088206521,9.248062015503876,67.15992309013726,4
3243.0,132,60,0.0,13.65265390984714,3.9283689153719323,8.825757575757576,66.30776182433719,6
3244.0,132,57,0.0,13.786099920840934,3.8546144119374723,8.606060606060606,66.24288789341479,6
3245.0,131,57,0.0,13.828441750817001,3.8382454860679753,8.48091603053435,66.50618817782147,5
3246.0,131,59,0.0,13.656779120420106,3.8715238884401884,8.297709923664122,66.45005242676629,5
3247.0,133,62,0.0,13.78087610679213,3.7388566447857583,8.015037593984962,65.36979185820749,8
3248.0,133,61,0.0,14.433943905785325,3.7816793392808736,7.879699248120301,66.08013426509986,8
3249.0,132,60,0.0,13.823783001710305,3.7530874947132227,7.8106060606060606,66.54615248337566,5
3250.0,132,62,0.0,13.512426765320468,3.6815265531623727,7.696969696969697,65.42416119867823,6
3251.0,131,62,0.0,14.886087804601173,3.7495912162644602,7.67175572519084,65.71098637208624,6
3252.0,132,66,0.0,14.378091378040422,3.72986693167755,7.818181818181818,65.20097801028254,7
3253.0,132,63,0.0,14.075691065719084,3.8272126878383763,7.7272727272727275,65.91096143709018,4
3254.0,131,65,0.0,14.062210525746101,3.7025915917132206,7.99236641221374,65.5187087606481,5
3255.0,132,67,0.0,15.081833717660711,3.6975752649536644,8.151515151515152,64.80073397309633,7
3256.0,132,66,0.0,14.85247000345561,3.721995142029847,8.106060606060606,65.51841607693734,5
3257.0,131,66,0.0,14.675830382519134,3.751888352443979,8.381679389312977,66.02837821928865,5
3258.0,132,67,0.0,15.596146305525409,3.7529104366335706,8.25,65.53998035589933,5
3259.0,131,64,0.0,14.601645372636348,3.7549213458269906,8.526717557251908,66.29118771871829,5
3260.0,129,65,0.0,14.779009594922618,3.79806837463913,8.581395348837209,66.27511617385909,4
3261.0,131,66,0.0,15.716118092151092,3.7431321520593577,8.389312977099237,65.97066020789671,4
3262.0,130,63,0.0,15.83520220470681,3.7959617465477375,8.392307692307693,66.72177380059486,4
3263.0,130,62,0.0,15.552584218737401,3.8188503572924595,8.323076923076924,67.43450752726072,4
3264.0,130,63,0.0,14.309945739727043,3.708289158450039,8.238461538461538,66.7933243469223,4
3265.0,130,61,0.0,15.780642084815272,3.872212038018938,8.176923076923076,67.506350163822,4
3266.0,130,64,0.0,13.874636519039713,3.8311219172276134,8.661538461538461,67.25328314139229,5
3267.0,128,62,0.0,14.809933771789737,3.7612881334124486,8.734375,66.84714431807109,3
3268.0,129,60,0.0,15.880019880235459,3.8732155937847637,8.496124031007753,67.03263715897684,4
3269.0,128,60,0.0,16.099254836431037,3.889932161159355,8.5,66.11504280734023,5
3270.0,128,57,0.0,15.633916997551651,3.940883523132313,8.4296875,66.81703723243304,3
3271.0,129,58,0.0,15.127477363460029,3.9251337251721385,8.294573643410853,66.9971299444513,4
3272.0,128,59,0.0,15.728994270703087,3.8431051582454225,8.5625,66.59340518152207,4
3273.0,128,59,0.0,14.919332717428434,3.8392758833204077,8.515625,65.97908137734736,5
3274.0,126,58,0.0,15.373045134018438,3.7892623161868433,8.857142857142858,65.54702447243392,4
3275.0,127,58,0.0,15.100770298866818,3.8328526079290897,8.73228346456693,65.73156589489753,4
3276.0,126,59,0.0,15.278430968602452,3.7862333876483896,9.015873015873016,64.81333981870932,5
3277.0,126,58,0.0,15.756403008578609,3.9070354845572486,8.984126984126984,65.51402489013445,4
3278.0,126,57,0.0,15.973534776512796,3.8599215162703797,8.928571428571429,64.86288955408823,4
3279.0,127,57,0.0,15.05687581695177,3.8717224406208364,8.826771653543307,65.04610740634693,4
3280.0,127,57,0.0,14.732914779018873,3.892436581414605,8.811023622047244,65.74637396954788,4
3281.0,128,57,0.0,14.53224003599983,4.026504155789635,8.9609375,65.9146415526164,4
3282.0,127,57,0.0,14.676714919214401,4.062524348934477,9.236220472440944,66.34401941389484,3
3283.0,125,56,0.0,15.374512478998195,3.9550351211389096,9.496,66.32499009178036,3
3284.0,124,57,0.0,14.600802094894725,3.938243806598135,9.790322580645162,66.54628419979429,2
3285.0,122,58,0.0,13.399301713891328,3.7308659935862054,10.426229508196721,66.45542287476579,1
3286.0,122,57,0.0,14.255682853175731,3.661524623153756,9.901639344262295,66.13515372969019,2
3287.0,121,57,0.0,13.892168275523,3.533377978933756,9.75206611570248,66.50487633704137,1
3288.0,121,58,0.0,13.507773821090678,3.4250306289248407,9.52892561983471,66.39003433833001,2
3289.0,121,58,0.0,13.255157311307267,3.3677594026468842,9.305785123966942,66.26317368377975,3
3290.0,119,58,0.0,12.651072581624613,3.306714514059398,9.243697478991596,66.2296064384141,3
3291.0,120,59,0.0,13.382150314026513,3.3624604619825305,8.975,66.40271895476012,4
3292.0,119,59,0.0,11.49335410579066,3.271307930686757,8.857142857142858,65.8235461927885,4
3293.0,119,57,0.0,12.168742954127937,3.3111382294314815,8.672268907563025,66.55829826346847,4
3294.0,121,59,0.0,13.414632575881004,3.362904895431156,8.363636363636363,66.17300096698087,5
3295.0,122,59,0.0,13.740111322817393,3.3645231692437148,8.147540983606557,66.35000117644955,5
3296.0,122,55,0.0,13.763256191250836,3.4598839019380923,7.975409836065574,67.07014132062048,5
3297.0,123,57,0.0,13.887526218988933,3.5386397929159794,8.065040650406504,67.23450678928043,5
3298.0,124,57,0.0,13.168464341495454,3.636673929814077,8.14516129032258,67.3941405036028,5
3299.0,122,55,0.0,13.337159227408737,3.604987695526895,8.12295081967213,67.49586093014028,5
3300.0,122,54,0.0,13.595332706323825,3.7074460680762766,7.983606557377049,68.20378529304331,3
3301.0,122,55,0.0,13.414150054162636,3.6562249582180084,7.836065573770492,67.88845371036376,3
3302.0,123,55,0.0,13.60880755095277,3.63361096690921,7.626016260162602,68.03998542121778,4
3303.0,123,54,0.0,13.863845038204454,3.754873905027039,7.495934959349594,68.74620993131091,3
3304.0,123,55,0.0,13.783118232362904,3.7919248603452607,7.67479674796748,69.44493170933383,2
3305.0,124,57,0.0,13.875375232403167,3.7311722270230345,7.766129032258065,68.56034953862701,4
3306.0,124,55,0.0,13.305208231277549,3.8017218602119156,7.661290322580645,69.26272945008793,4
3307.0,122,53,0.0,13.522655347615705,3.7657494792230284,7.663934426229508,69.10311691822187,3
3308.0,125,54,0.0,13.550670702336356,3.733181865567962,7.352,68.12721692640942,5
3309.0,125,53,0.0,13.601449084095657,3.9149893932552953,7.504,68.81563724453193,5
3310.0,125,54,0.0,13.65639920683637,4.049980411894729,7.672,69.49443162207459,5
3311.0,124,54,0.0,13.255079622206702,4.001324555572161,7.612903225806452,69.50701842039571,4
3312.0,124,53,0.0,13.379006761652738,4.0917865177394,7.5,69.23590438561804,5
3313.0,122,52,0.0,13.113706910377369,4.014854324970159,7.508196721311475,69.56323155472248,5
3314.0,122,53,0.0,13.33742923019454,4.037870897335846,7.680327868852459,70.24497494556931,2
3315.0,122,55,0.0,13.42370673427523,3.9066082072767974,7.827868852459017,68.71340922497339,4
3316.0,122,53,0.0,13.555055986600928,4.034019951414201,7.721311475409836,69.4000392012786,4
3317.0,123,53,0.0,13.503873438201845,4.136619771213966,7.5528455284552845,69.50382542143599,4
3318.0,123,52,0.0,13.754944072430954,4.13870828894625,7.4471544715447155,68.85087816326906,4
3319.0,121,51,0.0,13.782000749348663,4.170556898392194,7.471074380165289,68.9781355222159,4
3320.0,122,50,0.0,13.537707870802842,4.303480434479979,7.311475409836065,69.07443343721276,5
3321.0,121,51,0.0,13.791374442851826,4.251732259446323,7.380165289256198,68.10985698025344,4
3322.0,122,52,0.0,13.79153406128753,4.286975850399971,7.737704918032787,68.21303625879821,5
3323.0,122,51,0.0,14.296315415219643,4.408351436643804,7.901639344262295,68.87786092221843,4
3324.0,122,51,0.0,13.990426717388683,4.4036428423618075,8.237704918032787,68.52140430947563,4
3325.0,123,55,0.0,13.692681549093686,4.3402275952427,8.601626016260163,67.66721012467649,6
3326.0,122,53,0.0,14.075570000887158,4.415809402677085,9.10655737704918,68.08605998666384,5
3327.0,122,56,0.0,13.88627992568072,4.522530477649501,9.565573770491802,68.73971242564316,4
3328.0,121,59,0.0,14.483604758993962,4.224258012447779,10.115702479338843,67.32381740093899,5
3329.0,121,59,0.0,13.597322220254929,4.276764299702978,10.603305785123966,67.99978096978907,5
3330.0,124,62,0.0,13.834006709505113,4.200928261791717,10.82258064516129,67.0117066198285,7
3331.0,123,60,0.0,14.265993836840854,4.152963555259461,10.666666666666666,67.40958132732334,5
3332.0,123,61,0.0,14.398727462200688,4.090101664323676,10.447154471544716,68.09890976345706,5
3333.0,120,61,0.0,13.783433893788606,3.6792977381284424,10.5,66.81723137444803,6
3334.0,120,62,0.0,13.732380548934453,3.697503562106204,10.3,67.5347698674494,4
3335.0,121,61,0.0,13.422203674021372,3.69183080860034,10.024793388429751,67.68607449779019,5
3336.0,119,61,0.0,13.87572979668621,3.6221665901673106,10.008403361344538,67.67077872593414,2
3337.0,121,64,0.0,13.256117148883641,3.65466418672389,9.677685950413224,67.25491796642521,4
3338.0,121,61,0.0,13.695449681347236,3.79022857786912,9.512396694214877,67.96315283707982,4
3339.0,118,61,0.0,13.631651277890086,3.5882636742111553,9.59322033898305,67.73043755760486,3
3340.0,117,61,0.0,13.813687835098245,3.5693791832144632,9.52991452991453,68.00116109801617,3
3341.0,116,61,0.0,13.79603088144213,3.498054701205338,9.474137931034482,68.47311035502067,2
3342.0,115,60,0.0,13.340643824171275,3.4527546571824796,9.408695652173913,68.73305656083843,2
3343.0,115,61,0.0,13.436588890245185,3.4775588673652478,9.6,69.46067651353563,0
3344.0,115,61,0.0,13.815265985415317,3.5229118431332473,9.791304347826086,70.18145074930875,0
3345.0,115,59,0.0,12.87044430488194,3.5589194170126315,9.626086956521739,70.89973211369018,0
3346.0,114,59,0.0,13.715751274581999,3.4432711644545058,9.578947368421053,71.47935486327309,0
3347.0,112,59,0.0,13.346164317778312,3.3869838782001898,9.607142857142858,71.82018135728273,0
3348.0,112,58,0.0,13.179939575586468,3.4739352888646318,9.464285714285714,72.54783743074906,0
3349.0,110,58,0.0,13.820521467342042,3.4194470600755023,9.49090909090909,72.58247644072144,0
3350.0,111,58,0.0,13.70407829291653,3.5238360340136317,9.26126126126126,72.6437969494786,1
3351.0,111,56,0.0,13.463396373880096,3.7049931653246704,9.108108108108109,73.35438582006819,1
3352.0,109,57,0.0,13.727239087084309,3.661532709153371,9.146788990825687,73.22118384614517,1
3353.0,108,58,0.0,13.681129913986661,3.815897980673901,9.453703703703704,74.10321348311311,1
3354.0,109,58,0.0,14.42771655120253,3.882772104940211,9.55045871559633,74.10783308811587,2
3355.0,108,57,0.0,13.736137720616535,3.9551561650598575,9.824074074074074,74.97222189451536,2
3356.0,107,56,0.0,13.643916613981128,4.0118496222943545,9.785046728971963,75.82494052915425,1
3357.0,106,54,0.0,13.58576291773934,4.036615010711623,9.716981132075471,75.65181711093264,1
3358.0,105,53,0.0,13.404201652598568,4.122687068147008,9.676190476190476,76.01441629200738,1
3359.0,105,52,0.0,13.72533641322516,4.2861615472529095,9.523809523809524,76.68173587600508,1
3360.0,106,51,0.0,13.343066484760493,4.379493549718122,9.283018867924529,76.60366672938065,1
3361.0,106,48,0.0,13.46695624429267,4.582388562075385,9.10377358490566,77.2445109150848,1
3362.0,105,47,0.0,13.585792291071266,4.660220158008462,9.323809523809524,77.59464980419416,1
3363.0,105,46,0.0,13.870980207668618,4.787648497950323,9.438095238095238,78.21962836555173,1
3364.0,103,44,0.0,13.709154619346373,4.922575624073021,9.41747572815534,77.76446003581006,1
3365.0,102,42,0.0,13.8414120974252,4.951596409666968,9.284313725490197,78.08208023107203,1
3366.0,101,41,0.0,13.682879115547985,4.992644545681426,9.445544554455445,77.79932768451067,0
3367.0,101,39,0.0,13.751689673145302,5.1471639347184555,9.198019801980198,78.39867391399139,0
3368.0,99,38,0.0,13.851201889663935,5.1387607268309194,9.131313131313131,77.63913344458388,0
3369.0,99,37,0.0,13.387673495779746,5.238477004137702,8.88888888888889,78.23080525356208,0
3370.0,97,35,0.0,13.465925794880741,5.286449464962557,9.123711340206185,78.12259773235783,0
3371.0,98,37,0.0,14.606892117861904,5.306338325821449,9.387755102040817,76.84395503383584,2
3372.0,98,37,0.0,13.7280538887484,5.361442659712221,9.76530612244898,77.43058573717555,2
3373.0,97,36,0.0,13.695803827570483,5.398452005141911,10.216494845360824,77.7335448942385,2
3374.0,96,37,0.0,13.694782451108761,5.384044234152529,10.708333333333334,78.06591680280853,2
3375.0,95,37,0.0,13.88913156578783,5.379831644588035,11.210526315789474,78.33059357810383,2
3376.0,93,36,0.0,14.01653025695292,5.2312672436976175,10.89247311827957,78.23794961267717,2
3377.0,95,35,0.0,13.867536294949241,5.129263579319463,10.073684210526316,77.17034031575182,2
3378.0,93,33,0.0,13.823125803587027,5.034118717271667,9.731182795698924,76.99722315582771,2
3379.0,92,34,0.0,13.430570741031982,4.965075682660549,9.293478260869565,75.80065657828236,3
3380.0,95,34,0.0,13.240305833728053,4.90734359855037,8.463157894736842,73.99487421507527,6
3381.0,94,31,0.0,14.147291327246322,5.017212695201012,8.02127659574468,74.13276520658609,6
3382.0,93,32,0.0,13.896932512733011,4.9597410247170535,7.591397849462366,73.39625616435727,7
3383.0,93,31,0.0,13.799463221197948,5.076636189216083,7.075268817204301,74.0104829632746,5
3384.0,93,31,0.0,13.855036838771776,5.190587046304839,6.580645161290323,73.49959943547583,6
3385.0,93,30,0.0,14.612092096267125,5.180673507439281,6.483870967741935,73.03059228689662,6
3386.0,93,29,0.0,14.896574390099156,5.211550226104424,6.376344086021505,73.63441241464226,3
3387.0,94,29,0.0,13.675810289545916,5.137109483441811,5.787234042553192,73.44556117240447,4
3388.0,95,29,0.0,13.715585874137469,5.1723241921876255,5.221052631578948,73.26869900195906,4
3389.0,94,28,0.0,13.735806899471209,5.254956564848411,4.76595744680851,73.35618613487503,4
3390.0,94,28,0.0,13.404608703359818,5.456279020899034,4.670212765957447,73.94056999848787,3
3391.0,95,30,0.0,14.36222878920552,5.460880466077163,4.126315789473685,72.74856144715028,4
3392.0,95,28,0.0,13.835098863511204,5.522152496641225,3.6210526315789475,73.33166043514515,4
3393.0,94,28,0.0,13.858263017237187,5.391651600038889,3.5531914893617023,73.72602799808482,3
3394.0,95,28,0.0,14.386502948358512,5.265422705775795,3.042105263157895,72.3212360772973,4
3395.0,93,26,0.0,14.638962518635063,5.189250112513479,2.870967741935484,72.59609910781285,4
3396.0,90,26,0.0,13.958773790464594,5.110564600066039,3.066666666666667,72.24848733019024,4
3397.0,91,29,0.0,14.603800182395473,5.083014017370816,3.318681318681319,71.41996140614195,4
3398.0,90,29,0.0,13.55737211939585,5.060671540580716,3.6777777777777776,72.14659653281225,4
3399.0,90,31,0.0,13.775203012605198,5.189862401749647,4.022222222222222,72.75232710441124,4
3400.0,91,33,0.0,14.098855547583664,5.070044405398455,4.318681318681318,71.38351357747786,4
3401.0,90,31,0.0,14.205282207102277,5.064888505310975,4.711111111111111,70.94982454401489,4
3402.0,90,33,0.0,13.66683895313181,5.110468710041419,5.0777777777777775,71.56115217552663,4
3403.0,92,37,0.0,13.895103957480751,5.032336142370461,5.3478260869565215,70.60660789471436,4
3404.0,91,37,0.0,14.433071533696488,4.935687568177613,5.813186813186813,70.17769841666698,4
3405.0,91,40,0.0,13.88282887088135,4.701412265680712,6.241758241758242,69.6909330662841,5
3406.0,91,40,0.0,13.865710137737915,4.758605076564509,6.65934065934066,69.11846953469188,4
3407.0,90,41,0.0,13.658596570580267,4.629450697485117,7.188888888888889,68.69036788870383,4
3408.0,90,44,0.0,13.836815734710575,4.483778672466302,7.666666666666667,68.1674399630865,5
3409.0,92,46,0.0,13.638116496941075,4.40507284232671,7.978260869565218,67.32816342693125,5
3410.0,91,46,0.0,14.402378413108845,4.317106901956159,8.571428571428571,66.9531731870608,5
3411.0,92,48,0.0,13.825062525086105,4.395476984726637,8.98913043478261,66.88086949508714,5
3412.0,91,50,0.0,14.589343477123995,4.246547602196008,9.615384615384615,64.64384634623782,6
3413.0,91,49,0.0,14.256088851992441,4.340150790541664,10.153846153846153,65.31752440267672,6
3414.0,92,52,0.0,14.360695323460266,4.251268745684536,10.58695652173913,63.94812978174978,7
3415.0,91,52,0.0,15.438994475449897,4.223102470306127,11.274725274725276,64.00239131198454,5
3416.0,91,52,0.0,14.397101289169393,4.168140888733724,11.846153846153847,64.68906634389705,5
3417.0,92,55,0.0,13.853480333458164,4.122996078414195,12.304347826086957,64.65959689736447,5
3418.0,92,56,0.0,15.503401768343053,3.9829886799012586,12.902173913043478,64.31926859264769,4
3419.0,90,55,0.0,15.337248659153,3.709091992606958,13.777777777777779,64.00253313425883,4
3420.0,91,56,0.0,13.866201788047329,3.68843201631721,14.23076923076923,64.01265548469081,3
3421.0,89,55,0.0,13.797585077183783,3.4800912137741755,14.146067415730338,63.73073958180377,3
3422.0,89,55,0.0,14.423637362588659,3.3524711104305362,13.797752808988765,63.34269935709933,4
3423.0,88,54,0.0,15.4843068959848,3.4050103736670447,13.602272727272727,63.67221880733775,3
3424.0,87,52,0.0,15.165625674250066,3.3924489257823174,13.39080459770115,63.78594068565841,2
3425.0,88,52,0.0,14.582006324660496,3.4199088961431103,12.886363636363637,63.7874958945709,3
3426.0,86,51,0.0,15.510047777202443,3.3197598634217274,12.837209302325581,63.67528790608681,2
3427.0,85,49,0.0,15.287508048089684,3.290768468896767,12.611764705882353,64.48278460486158,2
3428.0,84,48,0.0,13.193236519677514,3.3331056713112344,12.333333333333334,64.57390738006225,1
3429.0,82,47,0.0,13.696984741003837,3.3484272917009448,12.695121951219512,64.50030086330489,1
3430.0,82,46,0.0,13.570044975779773,3.5258675390184018,12.768292682926829,65.2295773597998,1
3431.0,81,45,0.0,13.498455779139833,3.5933181693838967,12.481481481481481,65.42234787571311,0
3432.0,83,46,0.0,13.835154531383887,3.635503633956172,11.771084337349398,64.53766638924071,2
3433.0,82,44,0.0,13.838601941452362,3.6625871336703995,11.512195121951219,65.36256491534813,2
3434.0,80,42,0.0,13.387089316244237,3.595029276117626,11.3625,65.60541999806074,2
3435.0,79,43,0.0,13.61325976611115,3.576934084204251,11.544303797468354,66.64279750110863,2
3436.0,79,42,0.0,13.485996920941398,3.7087830160309228,11.113924050632912,67.35354794750295,2
3437.0,78,40,0.0,13.838747777836398,3.81252572029496,10.807692307692308,68.7850812695333,2
3438.0,78,38,0.0,13.75270706151671,3.9664023699617745,10.346153846153847,69.47831214653233,0
3439.0,78,36,0.0,15.630522761186691,4.10802675201268,9.884615384615385,70.15721059486273,0
3440.0,77,36,0.0,13.775238218326875,4.050901126698827,9.558441558441558,70.27361836014038,0
3441.0,76,35,0.0,13.657922585587949,4.196082065047146,9.657894736842104,70.41800851048905,0
3442.0,76,35,0.0,13.735089471770923,4.450159430895165,9.657894736842104,71.07669181576033,0
3443.0,75,33,0.0,14.11062341297056,4.629456254468281,9.253333333333334,71.99180043164024,0
3444.0,75,31,0.0,14.252527564177395,4.813411010947602,8.706666666666667,72.62416902783127,0
3445.0,75,30,0.0,14.595841806749918,5.035365941320712,8.64,73.23937778708247,0
3446.0,74,28,0.0,14.075087608322606,5.264537112320366,8.18918918918919,74.28223539064963,0
3447.0,73,27,0.0,14.317412916054124,5.371173070363974,8.164383561643836,74.44886837648248,0
3448.0,73,23,0.0,15.456305754389719,5.763152012315024,7.191780821917808,75.00747585343262,0
3449.0,74,22,0.0,13.820551887429424,5.949841264042279,6.445945945945946,74.52390239214891,1
3450.0,71,19,0.0,15.394742498728553,5.951089544501119,6.014084507042254,72.32750584433701,1
3451.0,71,18,0.0,14.422126925594288,6.14039723414465,5.309859154929577,72.85776852903716,1
3452.0,71,19,0.0,14.092753116428394,6.1565479951638755,5.126760563380282,70.96102398616223,2
3453.0,70,16,0.0,13.68068039356731,6.293386663556247,4.571428571428571,70.89107615297979,2
3454.0,69,14,0.0,13.741376098571346,6.627559778098374,4.101449275362318,69.93834837316665,2
3455.0,69,13,0.0,13.725020151445642,7.004692401527072,3.971014492753623,70.39680885110936,1
3456.0,69,11,0.0,13.825697161233984,7.187871553327206,3.652173913043478,70.84260149887425,1
3457.0,68,10,0.0,13.367550848606767,7.187005280557028,3.426470588235294,69.83419080444962,1
3458.0,66,9,0.0,13.736309693351469,7.3330851856970565,3.242424242424242,69.33114884421212,0
3459.0,66,9,0.0,13.79191255485639,7.627675158820327,2.9696969696969697,69.74321880002519,0
3460.0,66,8,0.0,13.398077145777643,7.855622124555539,2.6818181818181817,70.13334405957971,0
3461.0,64,7,0.0,13.491945578128181,7.892623449248521,2.46875,69.5230195792114,0
3462.0,63,7,0.0,15.162804373698416,8.033330594082004,2.619047619047619,69.40368052126693,0
3463.0,63,7,0.0,13.283606760293038,7.98886270851062,2.3492063492063493,68.1307673477038,1
3464.0,63,4,0.0,13.548412161160156,8.083035564107854,2.142857142857143,68.50289432373735,1
3465.0,62,5,0.0,13.8475361648947,8.165896124726554,2.2580645161290325,67.86742975604164,1
3466.0,60,3,0.0,13.290587178061612,8.126362712596189,1.2,66.6655979293321,1
3467.0,60,2,0.016769264154052988,13.452556935118407,8.233088968808643,0.06666666666666667,67.01878713420373,1
3468.0,60,3,0.0,13.175512096359933,8.167169071478524,0.1,64.63571817089539,2
3469.0,60,4,0.000213335435201378,13.161168932007428,8.342531037770632,0.16666666666666666,64.98744427798844,1
3470.0,59,5,0.0,13.30505647577811,8.215896591513474,0.2542372881355932,64.81475128127005,1
3471.0,57,6,0.0,13.870977725577541,8.010398652066689,0.3684210526315789,63.580763184545866,1
3472.0,57,8,0.0,13.113500545704929,7.772865701055884,0.5087719298245614,63.97788545033579,1
3473.0,58,11,0.0,13.729672999680043,7.56086402700091,0.6724137931034483,63.27139689778208,2
3474.0,56,11,0.0,13.68957104867933,7.208681408461659,0.8928571428571429,62.18700093305755,1
3475.0,57,13,0.0,13.673405088461005,6.993222331933504,1.087719298245614,61.541137715451235,2
3476.0,55,14,0.0,13.575289508304559,6.696515648678632,1.3818181818181818,60.165108782324246,2
3477.0,55,14,0.0,13.719164585671388,6.451972838899527,1.6363636363636365,60.666444331789535,2
3478.0,53,15,0.0,13.758840263565071,6.051850138281679,1.9811320754716981,59.37554907082243,2
3479.0,53,16,0.0,13.768188901571557,5.750964975212496,2.2830188679245285,59.93052184535334,1
3480.0,52,18,0.0,13.551660663078435,5.380601855614625,2.673076923076923,60.50441409010952,1
3481.0,51,20,0.0,13.655207656417042,5.019151211336953,3.1176470588235294,60.072446663163824,0
3482.0,50,20,0.0,13.601066529843957,4.575474270635262,3.58,60.81753437670877,0
3483.0,48,21,0.0,13.847157952119597,4.0357212183837765,4.166666666666667,60.36333020286023,0
3484.0,49,24,0.0,13.719401484448463,3.7718430521372723,4.551020408163265,59.82061022729606,1
3485.0,47,25,0.0,13.650808688346297,3.4573605071982345,5.276595744680851,59.30564896736747,1
3486.0,47,25,0.0,13.600861021643505,3.451013393580413,5.808510638297872,60.03899226043579,1
3487.0,45,27,0.0,13.419470335566439,2.9906351689579274,6.666666666666667,59.49845062596615,1
3488.0,45,29,0.0,13.824903456121683,2.857109340307122,7.311111111111111,60.273365426199206,1
3489.0,45,32,0.0,13.844402664434165,2.4942653339699072,8.0,58.61065903423901,2
3490.0,45,32,0.0,13.521878540844552,2.4772143189733007,8.71111111111111,59.41706453625925,1
3491.0,44,33,0.0,13.52912373081781,2.2673002124450856,9.659090909090908,60.414387494977284,1
3492.0,43,33,0.0,12.55576428663917,2.0879384564989003,10.651162790697674,61.83207883576539,1
3493.0,43,34,0.0,13.737293416028843,2.1002945003296185,11.44186046511628,62.66987659715499,1
3494.0,43,33,0.0,13.754868400609121,2.1955744413508342,11.953488372093023,63.50130985357048,1
3495.0,43,33,0.0,13.349890064657666,2.2299335591888574,12.720930232558139,64.33065370974649,0
3496.0,41,33,0.0,12.741821524536006,1.5488406068062868,14.146341463414634,65.60936924594314,0
3497.0,40,34,0.0,13.290734939137474,1.2871272351025413,15.35,66.10566212653427,0
3498.0,40,35,0.0,13.695561846229248,1.286709060545872,16.225,67.01008419070244,0
3499.0,40,36,0.0,13.250949455146953,1.2832313941304492,17.125,67.91477421848813,0
3500.0,39,36,0.0,13.490064719319344,0.9871893496706283,18.487179487179485,70.4398141344847,0
3501.0,39,36,0.0,13.444783151592128,0.9846752960590911,19.41025641025641,71.3663391155672,0
3502.0,39,36,0.0,12.690925051318482,0.9021975470913407,20.333333333333332,72.29892662481731,0
3503.0,39,36,0.0,13.143423076113686,0.8092302207747669,21.256410256410255,73.23846744860516,0
3504.0,39,36,0.0,12.884690457582474,0.7046288947866981,22.17948717948718,74.1858234297155,0
3505.0,39,36,0.0,13.779960166290403,0.6578581822396483,23.102564102564102,75.13673137340366,0
3506.0,39,37,0.0,13.224782645795495,0.6492867977897394,24.05128205128205,76.08821880667844,0
3507.0,39,37,0.0,13.716611247020774,0.6586819029868343,25.0,77.03904334931401,0
3508.0,39,37,0.0,13.517535820230842,0.6391600361776797,25.94871794871795,77.9913550024857,0
3509.0,40,38,0.0,13.119230379909277,0.6332990258489091,26.225,76.96922999586066,1
3510.0,41,38,0.0,13.558564728451893,0.6222767105229311,26.48780487804878,76.02134450015448,2
3511.0,41,35,0.0,12.505589629267343,0.7396377166031145,25.195121951219512,76.96177634203254,2
3512.0,41,33,0.0,13.37204405150842,0.9596703009583316,23.902439024390244,77.8826648547782,2
3513.0,42,32,0.0,12.830984459351749,1.2763841481019604,22.047619047619047,76.9097796962402,3
3514.0,41,30,0.0,11.611902838596144,1.4853700581892475,21.24390243902439,79.51099663792178,3
3515.0,41,28,0.0,13.305364926927723,2.0267443859517518,19.878048780487806,80.34619371244527,2
3516.0,41,26,0.0,12.740172369799845,2.418842200762136,18.48780487804878,81.16289843918287,1
3517.0,41,24,0.0,13.797912796470337,2.881720755654395,17.121951219512194,81.93409124976876,1
3518.0,41,22,0.0,15.554699265890747,3.3506364081094255,15.707317073170731,82.68005794892063,1
3519.0,41,20,0.0,14.974710603876963,3.940564463423589,14.268292682926829,83.37942107052194,0
3520.0,41,18,0.0,14.65042578699439,4.1833812826164785,12.853658536585366,84.05927993774911,0
3521.0,41,16,0.0,15.020205984454595,4.576232119649072,11.390243902439025,84.69943037605161,0
3522.0,41,14,0.0,14.846493518356226,4.85235922670068,9.926829268292684,85.328234381163,0
3523.0,41,13,0.0,15.762322700236917,5.359256724767937,9.292682926829269,85.90769954899216,0
3524.0,41,11,0.0,16.18334329324215,5.822557226448628,7.7317073170731705,86.45391038302037,0
3525.0,41,10,0.0,15.772798918726846,6.0918104441628556,7.097560975609756,86.98905209929842,0
3526.0,41,8,0.0,14.49836102989874,6.349771239376724,5.463414634146342,87.49461961881016,0
3527.0,41,7,0.0,15.477309050740667,6.765705374937674,4.926829268292683,87.97924337698079,0
3528.0,41,6,0.0,14.25265863095782,7.179211813478371,3.6341463414634148,88.43033157823086,0
3529.0,41,5,0.0,14.621275717326432,7.5335610890143725,2.8780487804878048,88.84203651230962,0
3530.0,41,4,0.0,16.091409165788434,7.955771532381582,2.097560975609756,89.22248598081616,0
3531.0,41,3,0.0,15.483853988446288,8.264909337740882,1.3414634146341464,89.59113307469299,0
3532.0,41,2,0.0,15.278482390245415,8.639986984818162,0.5853658536585366,89.93129846133954,0
3533.0,41,1,0.0,15.793665899479754,9.115768227403764,0.4878048780487805,90.23552081025788,0
3534.0,41,1,0.0,14.465329135189757,9.324871665372077,0.5121951219512195,90.5222676885082,0
3535.0,40,1,0.0,13.839753592247144,9.46784678955774,0.55,90.46164453704822,0
3536.0,40,1,0.0,13.871274908049964,9.663164544495483,0.575,90.7152386958905,0
3537.0,40,1,0.0,13.709012279263698,9.756653661209883,0.6,90.95020205634185,0
3538.0,39,1,0.0,13.853678587684408,9.936774615908295,0.6410256410256411,89.34028441185363,0
3539.0,39,2,0.0,13.828310795454309,10.081615503392907,0.6923076923076923,89.55669251255108,0
3540.0,36,2,0.0,13.852961915056222,10.091752075819816,0.8055555555555556,87.1387585804317,0
3541.0,36,2,0.0,13.752527357405052,10.320627506493375,0.8611111111111112,87.3341446383436,0
3542.0,36,2,0.0,13.839178970875219,10.098731491671074,0.9166666666666666,87.54664489297166,0
3543.0,36,2,0.0,13.72878031686414,9.995172837326507,0.9722222222222222,87.75666934147802,0
3544.0,35,2,0.0,13.678777574072592,9.727004588393665,1.0571428571428572,87.63848559876328,0
3545.0,35,3,0.0,13.76154136643745,9.795909197155913,1.1428571428571428,87.87409481212887,0
3546.0,32,3,0.0,13.872778248484247,9.580503727433744,1.34375,85.62699654017425,0
3547.0,32,3,0.0,13.893729008943774,9.782558816073768,1.4375,85.8519784744479,0
3548.0,31,3,0.0,13.465097233375488,9.73991810126817,1.5806451612903225,85.636706328385,0
3549.0,30,3,0.0,13.343002915009857,9.861263751265211,1.7333333333333334,84.59750339427248,0
3550.0,28,3,0.0,13.73023573551327,9.943525353680286,1.9642857142857142,83.86730358879038,0
3551.0,28,3,0.0,13.860833310033195,10.06518997030763,2.0714285714285716,84.05963277714724,0
3552.0,27,3,0.0,13.68690106770955,9.722077129596604,2.259259259259259,83.85167735862784,0
3553.0,29,5,0.0,13.595568971219473,8.816874866111572,2.206896551724138,78.30431519808597,2
3554.0,28,3,0.0,13.76572250503537,8.582310594529163,2.392857142857143,77.72473232289913,2
3555.0,27,3,0.0,13.816200937470422,8.372754767261396,2.5925925925925926,76.3940242017973,2
3556.0,26,1,0.0,13.83480607366655,8.508555141521668,0.46153846153846156,75.14724514340807,2
3557.0,27,3,0.0,12.956745891924948,8.619101460180632,0.07407407407407407,72.63404110002105,3
3558.0,27,3,0.00158159157831563,13.51996169493068,9.205482699099196,0.18518518518518517,72.90692482396936,3
3559.0,27,3,0.00020216375513576132,13.718014580872842,9.480546362511259,0.2962962962962963,73.15893286782261,1
3560.0,25,3,0.0,13.803478545718827,9.55540128285759,0.44,70.76301615048219,1
3561.0,24,4,0.0,13.103763074823656,9.24768654567326,0.5833333333333334,64.97184658881996,2
3562.0,24,3,0.0,13.575411413656548,9.555785954682026,0.7083333333333334,65.21750276110664,2
3563.0,22,3,0.0,13.552138886624016,9.71754333282553,0.9090909090909091,61.97224995072502,1
3564.0,22,3,0.0,13.247476047929377,9.791800559295035,1.0454545454545454,62.19124427621761,1
3565.0,20,3,0.0,13.862648206506856,9.691130889800839,1.3,59.510638389827214,1
3566.0,20,3,0.0,13.171717673167587,9.6005879639428,1.45,59.73433470398287,1
3567.0,18,3,0.0,13.838808667822741,9.664499645194146,1.7777777777777777,57.32994666089352,0
3568.0,18,3,0.0,13.353186534461566,9.628873655237081,1.9444444444444444,57.548566924237676,0
3569.0,18,3,0.0,12.895635214684077,9.539142932586682,2.111111111111111,57.77470119090937,0
3570.0,16,3,0.0,13.648354372102768,9.458578107324616,2.5625,55.06844959480833,0
3571.0,15,3,0.0,13.573118113074452,9.321976790963308,2.933333333333333,51.38436568240994,0
3572.0,14,3,0.0,13.863974814163521,9.079434409727098,3.357142857142857,47.21010654884571,0
3573.0,14,3,0.0,13.723997368221172,9.119804385057806,3.5714285714285716,47.46458375616047,0
3574.0,14,3,0.0,13.677385778608732,9.127955588647984,3.7857142857142856,47.718720395831006,0
3575.0,14,3,0.0,13.80720083785709,9.199062505358919,4.0,47.96652039163912,0
3576.0,14,3,0.0,13.57704061884433,9.086820187513938,4.214285714285714,48.224762564941535,0
3577.0,13,3,0.0,13.86457681118045,8.991734839955582,4.769230769230769,44.209559569491645,0
3578.0,13,3,0.0,13.728796107321978,8.748663703836923,5.0,44.49939956538678,0
3579.0,11,3,0.0,13.563314527017065,7.806627514301566,6.181818181818182,41.90528206545377,0
3580.0,11,3,0.0,13.306626930460334,7.122020539233724,6.454545454545454,42.33462322021913,0
3581.0,11,3,0.0,13.451661901874468,6.63865843414799,6.7272727272727275,42.799619875915916,0
3582.0,9,4,0.0,12.120378585846863,5.13428245412721,8.666666666666666,39.11507798182016,0
3583.0,9,4,0.0,11.657747360039078,5.125028153386815,9.11111111111111,39.695111324483904,0
3584.0,8,5,0.0,12.701216988009401,4.274629862251522,10.875,38.825034906386534,0
3585.0,8,5,0.0,13.273169827391394,4.393044649728474,11.5,39.459394998428024,0
3586.0,8,5,0.0,12.74839462779928,4.276886936698994,12.125,40.10300930939196,0
3587.0,8,5,0.0,13.81128465719521,4.428292564669391,12.75,40.7353943180193,0
3588.0,8,5,0.0,12.457278084219434,3.996783196842898,13.375,41.40358277861817,0
3589.0,7,5,0.0,13.798988955654204,2.582325102456726,16.0,45.01984067112983,0
3590.0,7,5,0.0,13.50199640702922,1.950579042162323,16.714285714285715,45.87911703302466,0
3591.0,7,6,0.0,13.32167400289327,1.9091942150282308,17.571428571428573,46.741654268180966,0
3592.0,7,6,0.0,13.148926183208824,1.8802658641047365,18.428571428571427,47.60634980880075,0
3593.0,7,6,0.0,13.566559060453438,1.9382725186873997,19.285714285714285,48.46690224651174,0
3594.0,7,6,0.0,12.769635785580613,1.8243014860837428,20.142857142857142,49.335656304828326,0
3595.0,7,6,0.0,13.161873788316734,1.8802676840452477,21.0,50.2003852484222,0
3596.0,7,6,0.0,12.524392527737655,1.7891989325339508,21.857142857142858,51.071665900757885,0
3597.0,7,6,0.0,13.03587839412503,1.8622683420178614,22.714285714285715,51.937689761044375,0
3598.0,7,6,0.0,12.909871901245788,1.844267414463684,23.571428571428573,52.805008652090144,0
3599.0,7,6,0.0,13.23801403734833,1.891144862478333,24.428571428571427,53.66895506486149,0
3600.0,7,6,0.0,13.679188209096901,1.9541697441567003,25.285714285714285,54.528367313483315,0
3601.0,9,6,0.0,13.510187782905996,1.8935960980701363,10.333333333333334,43.0327575232387,2
3602.0,9,2,0.0,13.819570822967217,3.3656092716333426,3.4444444444444446,43.7505235944398,2
3603.0,9,1,0.0,12.718501375149936,4.719666770667638,1.4444444444444444,44.40477949417358,2
3604.0,8,0,0.7318071864592128,10.174311460065656,5.685410614891165,0.0,49.68270508361029,2
3605.0,8,0,2.23270243690817,12.39589509901125,7.383246681197028,0.0,50.07214756459033,2
3606.0,8,0,3.8634015429346107,13.679823391997449,8.927344595916466,0.0,50.40562608533849,2
3607.0,8,0,4.957180552005965,13.486105180528208,10.689300603973155,0.0,50.60509861260374,0
3608.0,8,0,6.542705485185805,14.864837953514613,11.616728324590625,0.0,50.734301525076376,0
3609.0,8,0,6.236629899954423,14.884377315404087,12.2461686980133,0.0,50.76832432346343,0
3610.0,8,0,6.0025307946279645,15.04680436499995,11.962815933322165,0.0,50.826332833110634,0
3611.0,8,0,6.051048622364178,13.977918609740406,11.76270963126128,0.0,50.946165795053226,0
3612.0,8,0,7.616469627283513,14.350363810124069,12.003197709598792,0.0,51.04531998583052,0
3613.0,8,0,9.155743730338289,15.034942251836142,12.666956128395142,0.0,51.092369645155166,0
3614.0,8,0,10.730626675765961,14.67105270679687,12.509839018688401,0.0,51.14833388352971,0
3615.0,8,0,10.954966874141245,13.586041830360152,12.35528872640953,0.0,51.21389736488866,0
3616.0,8,0,10.64786262055859,13.722313505943127,12.21382151542439,0.0,51.29105966978848,0
3617.0,8,0,11.032510876609011,14.566383067328676,12.5902099667097,0.0,51.339826656874564,0
3618.0,8,0,10.595788669539616,14.398834400946468,12.745883385197706,0.0,51.37778693536477,0
3619.0,8,0,10.962410762859507,13.40872025557328,12.443135034340415,0.0,51.43658019504054,0
3620.0,8,0,10.854644200438633,14.34871050591693,12.58087862498742,0.0,51.48601711799187,0
3621.0,8,0,10.580736798606813,13.976999956645265,12.567693495480674,0.0,51.53693806219972,0
3622.0,8,0,11.09705349477008,13.400980543900474,12.355371336168357,0.0,51.60187739524586,0
3623.0,8,0,10.7773582264781,14.35630332030934,12.624778747399436,0.0,51.648210043159324,0
3624.0,8,0,10.82716590561904,14.767002138654895,12.679123080563478,0.0,51.69029539128234,0
3625.0,8,0,10.88873585849069,14.776632680949948,12.811243665390979,0.0,51.72353283082482,0
3626.0,8,0,10.511793268471957,14.304267244107283,12.157545946943905,0.0,51.8060944188464,0
3627.0,8,0,10.747924789879471,14.00676753760428,12.559297254059679,0.0,51.85699946518172,0
3628.0,7,0,10.714232523087412,14.894745109995089,12.586223386626674,0.0,36.5003883058092,0
3629.0,6,0,10.918188373977317,13.99939966352769,12.690648065241936,0.0,30.847132635854184,0
3630.0,5,0,10.882671927893535,14.760121880468175,12.978580639485902,0.0,18.04049221270183,0
3631.0,3,0,10.936462220270187,14.162042978099741,12.742943660179272,0.0,10.091019921092697,0
3632.0,3,0,10.743751640198752,14.97333138277401,12.68131407830876,0.0,10.133609012416782,0
3633.0,3,0,10.737922765966504,14.713185831714615,12.969163735103912,0.0,10.15429835055877,0
3634.0,3,0,10.882257492654025,13.313403753071285,12.360775375212661,0.0,10.215640854281721,0
3635.0,3,0,10.87837897595018,13.417881212962053,12.490049501122094,0.0,10.267713549939687,0
3636.0,3,0,10.815308053465559,13.397717088632449,12.485960932457937,0.0,10.319991871757846,0
3637.0,3,0,10.89109313157387,13.141956044450595,12.096695701042307,0.0,10.40037166932437,0
3638.0,3,0,10.79939963738434,14.595254662652692,12.685444023353165,0.0,10.441401014038833,0
3639.0,2,0,13.168686550747767,13.254272509549006,13.211479530148386,0.0,4.119845841911383,0
3640.0,2,0,13.041681033881574,13.37176429893279,13.206722666407181,0.0,4.193137370124059,0
3641.0,2,0,12.372496720342129,14.677556271987228,13.525026496164678,0.0,4.2490975233400246,0
3642.0,2,0,13.16182632586842,13.619849447995618,13.390837886932019,0.0,4.310970517457807,0
3643.0,2,0,12.547362944515585,13.209189615627944,12.878276280071765,0.0,4.409171259350147,0
3644.0,2,0,12.416045317714266,14.652801534320421,13.534423426017344,0.0,4.46434317009468,0
3645.0,2,0,12.371762271792791,15.01010024640356,13.690931259098175,0.0,4.509300679508219,0
3646.0,1,0,12.750071324928827,12.750071324928827,12.750071324928827,0.0,4.814713443713109,0
3647.0,1,0,12.127291490495368,12.127291490495368,12.127291490495368,0.0,4.918403886476183,0
3648.0,1,0,13.030483604696743,13.030483604696743,13.030483604696743,0.0,4.9553407821167035,0
3649.0,1,0,12.25052747240679,12.25052747240679,12.25052747240679,0.0,5.049923042028787,0
3650.0,1,0,13.012264246991068,13.012264246991068,13.012264246991068,0.0,5.088206502518608,0
3651.0,1,0,13.307395532898768,13.307395532898768,13.307395532898768,0.0,5.104677261268224,0
